sample_id,feature_type,block_index,layer_fraction,is_primary_block,similarity_1e5_to_clean,similarity_render_to_clean,delta_render_over_1e5,different_scene_1e5_to_clean,different_scene_render_to_clean,scene_advantage_1e5,scene_advantage_render,delta_scene_advantage,similarity_1e5_to_render,different_scene_target_sample_id
0060,raw,6,2/4,1,0.645473,0.763604,0.118132,0.635547,0.733493,0.009925,0.030111,0.020186,0.479768,6702
0060,centered,6,2/4,1,0.688902,0.783025,0.094123,0.672808,0.746188,0.016095,0.036838,0.020743,0.668705,6702
0060,raw,3,1/4,0,0.542972,0.751741,0.208769,0.508198,0.700461,0.034773,0.051280,0.016506,0.318556,6702
0060,centered,3,1/4,0,0.604314,0.748939,0.144626,0.558691,0.680394,0.045623,0.068545,0.022922,0.560132,6702
0072,raw,6,2/4,1,0.699811,0.799325,0.099514,0.621914,0.655129,0.077897,0.144196,0.066299,0.579234,6722
0072,centered,6,2/4,1,0.715772,0.797446,0.081674,0.568157,0.631641,0.147615,0.165805,0.018191,0.685067,6722
0072,raw,3,1/4,0,0.635320,0.798106,0.162785,0.553656,0.634225,0.081664,0.163881,0.082217,0.470551,6722
0072,centered,3,1/4,0,0.656958,0.771939,0.114980,0.458519,0.560219,0.198439,0.211719,0.013280,0.593401,6722
0073,raw,6,2/4,1,0.539637,0.743625,0.203987,0.511959,0.687478,0.027678,0.056147,0.028468,0.413762,4068
0073,centered,6,2/4,1,0.638482,0.756849,0.118366,0.611713,0.685730,0.026769,0.071118,0.044349,0.635238,4068
0073,raw,3,1/4,0,0.322805,0.768496,0.445691,0.305964,0.718056,0.016841,0.050440,0.033599,0.221920,4068
0073,centered,3,1/4,0,0.487774,0.738861,0.251087,0.450481,0.671201,0.037294,0.067660,0.030366,0.541370,4068
0075,raw,6,2/4,1,0.563284,0.781601,0.218317,0.580314,0.749499,-0.017030,0.032103,0.049133,0.439317,4027
0075,centered,6,2/4,1,0.648033,0.778336,0.130303,0.646155,0.750765,0.001878,0.027571,0.025693,0.634379,4027
0075,raw,3,1/4,0,0.434733,0.796481,0.361748,0.432123,0.730413,0.002610,0.066068,0.063458,0.281008,4027
0075,centered,3,1/4,0,0.556551,0.755821,0.199270,0.514807,0.709782,0.041744,0.046039,0.004295,0.528516,4027
0085,raw,6,2/4,1,0.575628,0.764878,0.189250,0.552130,0.730419,0.023498,0.034459,0.010961,0.468105,1785
0085,centered,6,2/4,1,0.645291,0.758799,0.113508,0.621481,0.730453,0.023810,0.028346,0.004536,0.631912,1785
0085,raw,3,1/4,0,0.358922,0.775784,0.416861,0.333946,0.746627,0.024976,0.029156,0.004181,0.273298,1785
0085,centered,3,1/4,0,0.495873,0.725105,0.229232,0.474212,0.702471,0.021661,0.022634,0.000972,0.537481,1785
0091,raw,6,2/4,1,0.708862,0.682445,-0.026418,0.577365,0.633980,0.131497,0.048465,-0.083032,0.488039,6065
0091,centered,6,2/4,1,0.709394,0.718543,0.009148,0.598321,0.652854,0.111074,0.065688,-0.045385,0.676669,6065
0091,raw,3,1/4,0,0.632471,0.683582,0.051111,0.495148,0.622077,0.137323,0.061504,-0.075819,0.360549,6065
0091,centered,3,1/4,0,0.618783,0.676150,0.057367,0.457747,0.599820,0.161036,0.076330,-0.084706,0.603835,6065
0131,raw,6,2/4,1,0.708519,0.806068,0.097549,0.651604,0.777932,0.056915,0.028136,-0.028779,0.572358,5429
0131,centered,6,2/4,1,0.724135,0.808478,0.084343,0.659659,0.764306,0.064476,0.044172,-0.020304,0.666968,5429
0131,raw,3,1/4,0,0.620904,0.807504,0.186600,0.547265,0.760006,0.073639,0.047498,-0.026142,0.451032,5429
0131,centered,3,1/4,0,0.654769,0.784520,0.129750,0.573679,0.725021,0.081091,0.059499,-0.021591,0.569052,5429
0147,raw,6,2/4,1,0.627626,0.750773,0.123147,0.546556,0.662590,0.081070,0.088183,0.007112,0.454407,6405
0147,centered,6,2/4,1,0.693074,0.757854,0.064780,0.587755,0.663706,0.105318,0.094148,-0.011171,0.668034,6405
0147,raw,3,1/4,0,0.528103,0.747096,0.218993,0.388391,0.639500,0.139712,0.107596,-0.032117,0.304686,6405
0147,centered,3,1/4,0,0.619192,0.714276,0.095084,0.408705,0.570756,0.210487,0.143520,-0.066966,0.584736,6405
0196,raw,6,2/4,1,0.631580,0.679893,0.048313,0.536026,0.696659,0.095554,-0.016766,-0.112321,0.422196,0380
0196,centered,6,2/4,1,0.671188,0.706694,0.035505,0.604992,0.676820,0.066196,0.029873,-0.036323,0.620341,0380
0196,raw,3,1/4,0,0.520399,0.663470,0.143071,0.338520,0.698816,0.181879,-0.035346,-0.217225,0.225445,0380
0196,centered,3,1/4,0,0.581944,0.655838,0.073894,0.445770,0.632973,0.136174,0.022865,-0.113309,0.516756,0380
0209,raw,6,2/4,1,0.558916,0.649228,0.090313,0.465108,0.686513,0.093807,-0.037285,-0.131092,0.360236,4327
0209,centered,6,2/4,1,0.627284,0.671332,0.044048,0.582444,0.661501,0.044840,0.009831,-0.035009,0.591880,4327
0209,raw,3,1/4,0,0.400744,0.620031,0.219287,0.234201,0.689604,0.166542,-0.069574,-0.236116,0.135606,4327
0209,centered,3,1/4,0,0.496058,0.619393,0.123335,0.396465,0.607848,0.099593,0.011545,-0.088048,0.488481,4327
0214,raw,6,2/4,1,0.660634,0.769337,0.108703,0.558599,0.681915,0.102035,0.087422,-0.014613,0.489841,4374
0214,centered,6,2/4,1,0.704475,0.783322,0.078848,0.586431,0.668247,0.118043,0.115076,-0.002968,0.664072,4374
0214,raw,3,1/4,0,0.541217,0.733212,0.191995,0.439065,0.662227,0.102152,0.070985,-0.031168,0.317551,4374
0214,centered,3,1/4,0,0.613163,0.738518,0.125356,0.475022,0.611607,0.138141,0.126911,-0.011230,0.547675,4374
0217,raw,6,2/4,1,0.695165,0.815077,0.119911,0.677783,0.777695,0.017382,0.037382,0.020000,0.544047,4211
0217,centered,6,2/4,1,0.728771,0.811010,0.082239,0.710090,0.768880,0.018682,0.042130,0.023448,0.690710,4211
0217,raw,3,1/4,0,0.619367,0.831288,0.211921,0.618590,0.789763,0.000777,0.041525,0.040749,0.469965,4211
0217,centered,3,1/4,0,0.664110,0.791820,0.127710,0.656781,0.735928,0.007329,0.055892,0.048563,0.601163,4211
0225,raw,6,2/4,1,0.692122,0.839051,0.146929,0.684056,0.765406,0.008067,0.073645,0.065579,0.559363,3240
0225,centered,6,2/4,1,0.730768,0.819949,0.089181,0.697564,0.746222,0.033204,0.073726,0.040522,0.701841,3240
0225,raw,3,1/4,0,0.646506,0.844184,0.197679,0.644396,0.770803,0.002109,0.073381,0.071272,0.493329,3240
0225,centered,3,1/4,0,0.690573,0.793297,0.102724,0.654755,0.698489,0.035818,0.094808,0.058990,0.605615,3240
0232,raw,6,2/4,1,0.735963,0.816994,0.081032,0.701231,0.745661,0.034732,0.071333,0.036601,0.608878,2719
0232,centered,6,2/4,1,0.732369,0.812761,0.080392,0.688447,0.733975,0.043921,0.078786,0.034865,0.670518,2719
0232,raw,3,1/4,0,0.692873,0.823904,0.131031,0.654916,0.727540,0.037957,0.096363,0.058406,0.539610,2719
0232,centered,3,1/4,0,0.691237,0.788949,0.097712,0.641799,0.690204,0.049438,0.098745,0.049307,0.585352,2719
0247,raw,6,2/4,1,0.542217,0.745004,0.202787,0.470445,0.728849,0.071773,0.016155,-0.055618,0.404725,4826
0247,centered,6,2/4,1,0.620979,0.769355,0.148376,0.587061,0.697557,0.033918,0.071798,0.037880,0.612654,4826
0247,raw,3,1/4,0,0.314636,0.755431,0.440795,0.228430,0.733195,0.086206,0.022236,-0.063970,0.170299,4826
0247,centered,3,1/4,0,0.461006,0.754157,0.293151,0.394715,0.669988,0.066291,0.084169,0.017878,0.503092,4826
0251,raw,6,2/4,1,0.800968,0.789965,-0.011003,0.702006,0.816208,0.098962,-0.026244,-0.125206,0.653839,0704
0251,centered,6,2/4,1,0.753343,0.795312,0.041968,0.714223,0.782675,0.039121,0.012637,-0.026484,0.697214,0704
0251,raw,3,1/4,0,0.765060,0.774682,0.009621,0.662355,0.833414,0.102706,-0.058733,-0.161439,0.594418,0704
0251,centered,3,1/4,0,0.696352,0.741071,0.044719,0.654840,0.760126,0.041512,-0.019055,-0.060567,0.606375,0704
0273,raw,6,2/4,1,0.753522,0.873123,0.119601,0.694712,0.651226,0.058810,0.221897,0.163088,0.661142,1285
0273,centered,6,2/4,1,0.752572,0.854068,0.101496,0.571795,0.645839,0.180776,0.208229,0.027452,0.692607,1285
0273,raw,3,1/4,0,0.739959,0.877732,0.137773,0.664198,0.624205,0.075761,0.253527,0.177766,0.635210,1285
0273,centered,3,1/4,0,0.730987,0.838668,0.107681,0.460451,0.589153,0.270536,0.249515,-0.021021,0.621631,1285
0282,raw,6,2/4,1,0.639021,0.796649,0.157628,0.576371,0.741998,0.062649,0.054651,-0.007999,0.491648,4733
0282,centered,6,2/4,1,0.695956,0.794422,0.098465,0.626169,0.723533,0.069788,0.070889,0.001101,0.678675,4733
0282,raw,3,1/4,0,0.591970,0.812137,0.220167,0.484104,0.793092,0.107866,0.019045,-0.088821,0.421908,4733
0282,centered,3,1/4,0,0.653664,0.767027,0.113363,0.538554,0.711085,0.115110,0.055942,-0.059167,0.610626,4733
0328,raw,6,2/4,1,0.675608,0.735071,0.059463,0.586266,0.815307,0.089342,-0.080237,-0.169579,0.500744,2503
0328,centered,6,2/4,1,0.694734,0.753149,0.058414,0.649336,0.801308,0.045398,-0.048159,-0.093558,0.650448,2503
0328,raw,3,1/4,0,0.585186,0.718512,0.133326,0.458779,0.818220,0.126407,-0.099709,-0.226116,0.345680,2503
0328,centered,3,1/4,0,0.623779,0.719453,0.095674,0.567809,0.797675,0.055970,-0.078223,-0.134192,0.546879,2503
0351,raw,6,2/4,1,0.681674,0.727750,0.046076,0.534957,0.704465,0.146717,0.023284,-0.123433,0.482201,1153
0351,centered,6,2/4,1,0.709178,0.755186,0.046008,0.589811,0.710513,0.119367,0.044672,-0.074695,0.673058,1153
0351,raw,3,1/4,0,0.537318,0.728220,0.190901,0.330172,0.708141,0.207146,0.020079,-0.187067,0.299227,1153
0351,centered,3,1/4,0,0.593198,0.723867,0.130669,0.388890,0.669708,0.204307,0.054159,-0.150149,0.587950,1153
0355,raw,6,2/4,1,0.541098,0.820994,0.279896,0.532319,0.772795,0.008780,0.048199,0.039420,0.433776,6304
0355,centered,6,2/4,1,0.621850,0.805119,0.183269,0.610494,0.728649,0.011355,0.076469,0.065114,0.617950,6304
0355,raw,3,1/4,0,0.410088,0.856057,0.445969,0.415905,0.792261,-0.005817,0.063796,0.069613,0.316090,6304
0355,centered,3,1/4,0,0.521324,0.804981,0.283656,0.503109,0.718080,0.018215,0.086901,0.068686,0.523744,6304
0378,raw,6,2/4,1,0.718485,0.775331,0.056846,0.680811,0.778417,0.037674,-0.003086,-0.040760,0.559128,2583
0378,centered,6,2/4,1,0.728478,0.773811,0.045334,0.699704,0.777832,0.028774,-0.004020,-0.032794,0.677074,2583
0378,raw,3,1/4,0,0.666526,0.767614,0.101087,0.593679,0.783891,0.072848,-0.016277,-0.089125,0.462676,2583
0378,centered,3,1/4,0,0.667689,0.745350,0.077661,0.624707,0.758708,0.042982,-0.013359,-0.056341,0.573658,2583
0380,raw,6,2/4,1,0.737928,0.794809,0.056882,0.671408,0.797514,0.066520,-0.002705,-0.069225,0.581136,2868
0380,centered,6,2/4,1,0.729221,0.796279,0.067058,0.676292,0.784047,0.052928,0.012232,-0.040697,0.687441,2868
0380,raw,3,1/4,0,0.694767,0.773325,0.078558,0.595742,0.765944,0.099025,0.007381,-0.091644,0.491884,2868
0380,centered,3,1/4,0,0.681778,0.731328,0.049549,0.583896,0.740185,0.097882,-0.008858,-0.106740,0.581707,2868
0387,raw,6,2/4,1,0.651087,0.752784,0.101696,0.557720,0.759657,0.093367,-0.006874,-0.100241,0.473455,1493
0387,centered,6,2/4,1,0.702421,0.754815,0.052394,0.622578,0.746867,0.079843,0.007948,-0.071895,0.670611,1493
0387,raw,3,1/4,0,0.556712,0.728519,0.171808,0.407003,0.751877,0.149708,-0.023357,-0.173065,0.324653,1493
0387,centered,3,1/4,0,0.623406,0.697295,0.073888,0.491998,0.713884,0.131409,-0.016589,-0.147997,0.553297,1493
0394,raw,6,2/4,1,0.698691,0.806227,0.107536,0.671583,0.681730,0.027109,0.124498,0.097389,0.574325,4132
0394,centered,6,2/4,1,0.703746,0.814267,0.110521,0.626393,0.684976,0.077353,0.129292,0.051938,0.672986,4132
0394,raw,3,1/4,0,0.647324,0.826637,0.179312,0.618795,0.644687,0.028529,0.181950,0.153421,0.509303,4132
0394,centered,3,1/4,0,0.651329,0.801548,0.150219,0.503519,0.626299,0.147809,0.175249,0.027440,0.597517,4132
0406,raw,6,2/4,1,0.691968,0.747986,0.056018,0.621976,0.722128,0.069991,0.025857,-0.044134,0.537269,0073
0406,centered,6,2/4,1,0.712210,0.747959,0.035749,0.629910,0.718354,0.082300,0.029605,-0.052695,0.691916,0073
0406,raw,3,1/4,0,0.644518,0.744517,0.099999,0.508733,0.729216,0.135785,0.015301,-0.120484,0.420396,0073
0406,centered,3,1/4,0,0.665002,0.710214,0.045212,0.537758,0.690442,0.127244,0.019772,-0.107472,0.593819,0073
0486,raw,6,2/4,1,0.584958,0.725922,0.140964,0.523519,0.675640,0.061439,0.050282,-0.011157,0.393412,1995
0486,centered,6,2/4,1,0.663348,0.755762,0.092414,0.595147,0.692747,0.068202,0.063016,-0.005186,0.625135,1995
0486,raw,3,1/4,0,0.382496,0.760358,0.377863,0.312632,0.670843,0.069863,0.089515,0.019652,0.181097,1995
0486,centered,3,1/4,0,0.514161,0.743354,0.229193,0.423391,0.632993,0.090770,0.110361,0.019592,0.527713,1995
0503,raw,6,2/4,1,0.601566,0.723547,0.121981,0.523865,0.666638,0.077701,0.056909,-0.020792,0.417501,0631
0503,centered,6,2/4,1,0.662973,0.748949,0.085975,0.591474,0.663075,0.071499,0.085873,0.014374,0.635679,0631
0503,raw,3,1/4,0,0.421914,0.732360,0.310446,0.346124,0.659562,0.075789,0.072797,-0.002992,0.181917,0631
0503,centered,3,1/4,0,0.529937,0.722479,0.192541,0.441760,0.607659,0.088177,0.114819,0.026642,0.508973,0631
0510,raw,6,2/4,1,0.639128,0.756901,0.117773,0.585645,0.634991,0.053483,0.121910,0.068426,0.469458,0503
0510,centered,6,2/4,1,0.671857,0.780617,0.108760,0.594220,0.629955,0.077636,0.150662,0.073025,0.665820,0503
0510,raw,3,1/4,0,0.523231,0.762299,0.239069,0.489863,0.628010,0.033368,0.134290,0.100922,0.337746,0503
0510,centered,3,1/4,0,0.568763,0.757679,0.188916,0.485552,0.577717,0.083211,0.179962,0.096751,0.577239,0503
0519,raw,6,2/4,1,0.682686,0.790673,0.107987,0.655526,0.794419,0.027161,-0.003746,-0.030907,0.554779,4387
0519,centered,6,2/4,1,0.717643,0.781875,0.064231,0.686595,0.784425,0.031048,-0.002550,-0.033599,0.668622,4387
0519,raw,3,1/4,0,0.601096,0.815961,0.214865,0.571474,0.815185,0.029622,0.000776,-0.028847,0.473115,4387
0519,centered,3,1/4,0,0.640311,0.762464,0.122153,0.614194,0.759706,0.026117,0.002758,-0.023359,0.599541,4387
0524,raw,6,2/4,1,0.526286,0.793208,0.266923,0.509055,0.786645,0.017231,0.006563,-0.010668,0.402834,1003
0524,centered,6,2/4,1,0.626045,0.798721,0.172676,0.618008,0.767727,0.008037,0.030994,0.022957,0.625765,1003
0524,raw,3,1/4,0,0.306400,0.793920,0.487520,0.273090,0.776186,0.033311,0.017735,-0.015576,0.146624,1003
0524,centered,3,1/4,0,0.475642,0.775211,0.299569,0.444360,0.749292,0.031281,0.025918,-0.005363,0.504346,1003
0568,raw,6,2/4,1,0.530173,0.716035,0.185862,0.490208,0.710730,0.039965,0.005305,-0.034660,0.374110,3963
0568,centered,6,2/4,1,0.609395,0.724345,0.114950,0.591246,0.681894,0.018149,0.042451,0.024302,0.605075,3963
0568,raw,3,1/4,0,0.357276,0.682805,0.325529,0.306989,0.680331,0.050286,0.002474,-0.047813,0.138228,3963
0568,centered,3,1/4,0,0.465356,0.660753,0.195397,0.455568,0.595836,0.009788,0.064918,0.055129,0.487053,3963
0592,raw,6,2/4,1,0.536332,0.831756,0.295424,0.596625,0.569411,-0.060292,0.262345,0.322637,0.440766,5855
0592,centered,6,2/4,1,0.635827,0.822908,0.187081,0.581390,0.568175,0.054437,0.254734,0.200296,0.654716,5855
0592,raw,3,1/4,0,0.327090,0.875515,0.548425,0.505253,0.541874,-0.178162,0.333641,0.511803,0.258075,5855
0592,centered,3,1/4,0,0.501507,0.817455,0.315948,0.502065,0.486138,-0.000559,0.331316,0.331875,0.558916,5855
0593,raw,6,2/4,1,0.571261,0.734585,0.163324,0.476999,0.676764,0.094262,0.057821,-0.036441,0.412752,1227
0593,centered,6,2/4,1,0.649808,0.751597,0.101789,0.586333,0.644519,0.063475,0.107078,0.043603,0.624729,1227
0593,raw,3,1/4,0,0.362729,0.733297,0.370568,0.264823,0.637785,0.097907,0.095512,-0.002395,0.152667,1227
0593,centered,3,1/4,0,0.502314,0.732472,0.230157,0.446104,0.551389,0.056210,0.181083,0.124872,0.498118,1227
0631,raw,6,2/4,1,0.526361,0.735219,0.208858,0.464924,0.740977,0.061437,-0.005758,-0.067195,0.376585,2055
0631,centered,6,2/4,1,0.626749,0.750005,0.123256,0.582170,0.737174,0.044578,0.012831,-0.031747,0.623911,2055
0631,raw,3,1/4,0,0.339685,0.734849,0.395164,0.247186,0.750932,0.092499,-0.016083,-0.108582,0.140678,2055
0631,centered,3,1/4,0,0.480571,0.738863,0.258292,0.419136,0.709561,0.061435,0.029302,-0.032133,0.511220,2055
0681,raw,6,2/4,1,0.677189,0.848434,0.171246,0.604175,0.680056,0.073014,0.168378,0.095365,0.609256,6639
0681,centered,6,2/4,1,0.714041,0.805783,0.091741,0.564891,0.638861,0.149150,0.166921,0.017771,0.676883,6639
0681,raw,3,1/4,0,0.600216,0.880526,0.280310,0.539345,0.689548,0.060871,0.190978,0.130107,0.541458,6639
0681,centered,3,1/4,0,0.651867,0.827162,0.175295,0.477594,0.598486,0.174273,0.228676,0.054403,0.601591,6639
0683,raw,6,2/4,1,0.684141,0.811765,0.127623,0.627617,0.771463,0.056525,0.040301,-0.016223,0.540347,3428
0683,centered,6,2/4,1,0.713158,0.806814,0.093656,0.633866,0.773410,0.079292,0.033404,-0.045888,0.672414,3428
0683,raw,3,1/4,0,0.614242,0.840556,0.226314,0.546623,0.784407,0.067619,0.056149,-0.011469,0.469954,3428
0683,centered,3,1/4,0,0.665231,0.791151,0.125919,0.538621,0.762022,0.126610,0.029129,-0.097481,0.593955,3428
0687,raw,6,2/4,1,0.603183,0.749808,0.146626,0.535168,0.768718,0.068015,-0.018910,-0.086925,0.442685,3819
0687,centered,6,2/4,1,0.658316,0.759476,0.101160,0.628355,0.743611,0.029961,0.015865,-0.014096,0.632498,3819
0687,raw,3,1/4,0,0.457554,0.743870,0.286315,0.316992,0.787038,0.140563,-0.043168,-0.183731,0.245599,3819
0687,centered,3,1/4,0,0.553723,0.723098,0.169376,0.473457,0.702032,0.080266,0.021066,-0.059199,0.524937,3819
0704,raw,6,2/4,1,0.728305,0.848996,0.120692,0.682445,0.770024,0.045860,0.078972,0.033112,0.635515,3498
0704,centered,6,2/4,1,0.743319,0.824759,0.081440,0.657190,0.748809,0.086129,0.075950,-0.010180,0.696430,3498
0704,raw,3,1/4,0,0.706776,0.864483,0.157708,0.626989,0.794768,0.079787,0.069715,-0.010072,0.585919,3498
0704,centered,3,1/4,0,0.709219,0.808171,0.098952,0.574142,0.731860,0.135077,0.076310,-0.058766,0.617025,3498
0721,raw,6,2/4,1,0.485452,0.804279,0.318828,0.547425,0.701650,-0.061973,0.102629,0.164602,0.421211,4787
0721,centered,6,2/4,1,0.611169,0.778383,0.167213,0.625497,0.701645,-0.014328,0.076738,0.091065,0.632529,4787
0721,raw,3,1/4,0,0.285929,0.814553,0.528624,0.365094,0.670093,-0.079165,0.144459,0.223625,0.192063,4787
0721,centered,3,1/4,0,0.461274,0.762062,0.300789,0.502411,0.643900,-0.041138,0.118162,0.159300,0.519334,4787
0726,raw,6,2/4,1,0.656595,0.826061,0.169466,0.651293,0.737945,0.005301,0.088116,0.082815,0.527823,2350
0726,centered,6,2/4,1,0.698383,0.823804,0.125422,0.679878,0.722531,0.018505,0.101273,0.082768,0.662285,2350
0726,raw,3,1/4,0,0.548280,0.820675,0.272395,0.569849,0.731666,-0.021569,0.089010,0.110579,0.396305,2350
0726,centered,3,1/4,0,0.619524,0.799831,0.180307,0.610402,0.676336,0.009122,0.123495,0.114373,0.567896,2350
0729,raw,6,2/4,1,0.613638,0.811122,0.197484,0.601506,0.795235,0.012133,0.015887,0.003754,0.523274,0232
0729,centered,6,2/4,1,0.677660,0.806198,0.128538,0.653318,0.785352,0.024343,0.020846,-0.003496,0.665389,0232
0729,raw,3,1/4,0,0.478708,0.823082,0.344374,0.481089,0.790731,-0.002382,0.032351,0.034733,0.376548,0232
0729,centered,3,1/4,0,0.589675,0.801715,0.212039,0.571641,0.763702,0.018035,0.038013,0.019978,0.562294,0232
0731,raw,6,2/4,1,0.802579,0.798026,-0.004553,0.760369,0.764744,0.042210,0.033282,-0.008928,0.641170,3861
0731,centered,6,2/4,1,0.781216,0.788932,0.007716,0.733739,0.757034,0.047477,0.031898,-0.015578,0.693798,3861
0731,raw,3,1/4,0,0.776467,0.782316,0.005850,0.723396,0.761121,0.053070,0.021196,-0.031875,0.578625,3861
0731,centered,3,1/4,0,0.727626,0.746874,0.019248,0.661224,0.724152,0.066403,0.022722,-0.043681,0.592367,3861
0774,raw,6,2/4,1,0.630656,0.816327,0.185671,0.568223,0.744215,0.062433,0.072112,0.009679,0.504711,4589
0774,centered,6,2/4,1,0.691080,0.812303,0.121224,0.616086,0.728079,0.074993,0.084224,0.009231,0.688439,4589
0774,raw,3,1/4,0,0.500663,0.830774,0.330111,0.411579,0.777591,0.089084,0.053182,-0.035902,0.334641,4589
0774,centered,3,1/4,0,0.603269,0.788509,0.185239,0.499634,0.708762,0.103635,0.079746,-0.023889,0.564949,4589
0777,raw,6,2/4,1,0.760749,0.846480,0.085731,0.710087,0.646700,0.050662,0.199781,0.149119,0.678521,0902
0777,centered,6,2/4,1,0.747819,0.813442,0.065623,0.579093,0.649671,0.168727,0.163771,-0.004955,0.667956,0902
0777,raw,3,1/4,0,0.688686,0.866757,0.178071,0.660381,0.643363,0.028305,0.223394,0.195089,0.635725,0902
0777,centered,3,1/4,0,0.688866,0.810578,0.121711,0.475266,0.601187,0.213600,0.209390,-0.004210,0.606086,0902
0785,raw,6,2/4,1,0.715641,0.745891,0.030250,0.668347,0.756224,0.047294,-0.010333,-0.057627,0.523781,6521
0785,centered,6,2/4,1,0.728137,0.747776,0.019639,0.694790,0.744677,0.033347,0.003098,-0.030249,0.668732,6521
0785,raw,3,1/4,0,0.647354,0.719601,0.072247,0.572729,0.732819,0.074625,-0.013218,-0.087843,0.388656,6521
0785,centered,3,1/4,0,0.661515,0.682549,0.021034,0.620655,0.666869,0.040860,0.015680,-0.025180,0.550871,6521
0789,raw,6,2/4,1,0.762933,0.783686,0.020753,0.672039,0.723855,0.090894,0.059830,-0.031064,0.597929,3026
0789,centered,6,2/4,1,0.745316,0.783127,0.037811,0.644862,0.717044,0.100454,0.066083,-0.034371,0.693165,3026
0789,raw,3,1/4,0,0.744493,0.773438,0.028945,0.627977,0.730396,0.116516,0.043042,-0.073475,0.547078,3026
0789,centered,3,1/4,0,0.693252,0.723927,0.030675,0.535712,0.673634,0.157540,0.050293,-0.107247,0.596132,3026
0802,raw,6,2/4,1,0.710394,0.840869,0.130475,0.664827,0.658220,0.045567,0.182649,0.137082,0.589612,4658
0802,centered,6,2/4,1,0.734308,0.826786,0.092478,0.619882,0.646393,0.114426,0.180393,0.065967,0.695061,4658
0802,raw,3,1/4,0,0.676584,0.854994,0.178410,0.614504,0.652112,0.062080,0.202882,0.140802,0.538290,4658
0802,centered,3,1/4,0,0.693747,0.810591,0.116844,0.512991,0.583768,0.180756,0.226823,0.046067,0.602406,4658
0806,raw,6,2/4,1,0.566965,0.720448,0.153483,0.486170,0.644819,0.080795,0.075629,-0.005166,0.401108,3247
0806,centered,6,2/4,1,0.636713,0.741733,0.105019,0.544532,0.641875,0.092182,0.099858,0.007676,0.614995,3247
0806,raw,3,1/4,0,0.377655,0.733359,0.355704,0.289427,0.631748,0.088228,0.101611,0.013383,0.163227,3247
0806,centered,3,1/4,0,0.502980,0.715226,0.212245,0.385696,0.565142,0.117285,0.150083,0.032799,0.488454,3247
0844,raw,6,2/4,1,0.793369,0.855538,0.062169,0.600175,0.627872,0.193194,0.227666,0.034472,0.706412,3187
0844,centered,6,2/4,1,0.758543,0.846113,0.087571,0.483824,0.585191,0.274719,0.260922,-0.013797,0.689984,3187
0844,raw,3,1/4,0,0.761564,0.862025,0.100461,0.583638,0.603548,0.177926,0.258478,0.080552,0.663259,3187
0844,centered,3,1/4,0,0.707369,0.831966,0.124597,0.355116,0.499621,0.352254,0.332345,-0.019908,0.607355,3187
0853,raw,6,2/4,1,0.605793,0.786947,0.181154,0.561270,0.777529,0.044523,0.009418,-0.035105,0.454823,1993
0853,centered,6,2/4,1,0.668798,0.797819,0.129021,0.630276,0.779106,0.038521,0.018712,-0.019809,0.653849,1993
0853,raw,3,1/4,0,0.426719,0.764234,0.337515,0.364563,0.757189,0.062156,0.007045,-0.055111,0.221656,1993
0853,centered,3,1/4,0,0.549706,0.755640,0.205934,0.487339,0.737402,0.062368,0.018239,-0.044129,0.535657,1993
0856,raw,6,2/4,1,0.696981,0.815922,0.118941,0.571959,0.736598,0.125022,0.079324,-0.045698,0.559406,2819
0856,centered,6,2/4,1,0.717219,0.811957,0.094737,0.581858,0.686485,0.135361,0.125471,-0.009890,0.681498,2819
0856,raw,3,1/4,0,0.628887,0.793811,0.164924,0.473824,0.739608,0.155063,0.054203,-0.100860,0.446709,2819
0856,centered,3,1/4,0,0.668035,0.773610,0.105576,0.490009,0.656651,0.178025,0.116960,-0.061066,0.588981,2819
0864,raw,6,2/4,1,0.559376,0.715366,0.155990,0.482109,0.764746,0.077267,-0.049380,-0.126647,0.421290,2130
0864,centered,6,2/4,1,0.648013,0.714375,0.066362,0.591128,0.755217,0.056886,-0.040842,-0.097727,0.623852,2130
0864,raw,3,1/4,0,0.361886,0.740639,0.378753,0.251602,0.784688,0.110284,-0.044049,-0.154333,0.212170,2130
0864,centered,3,1/4,0,0.506566,0.694974,0.188409,0.418113,0.716244,0.088453,-0.021270,-0.109723,0.525170,2130
0876,raw,6,2/4,1,0.563654,0.772348,0.208693,0.461180,0.747055,0.102474,0.025292,-0.077182,0.425335,0225
0876,centered,6,2/4,1,0.652794,0.777905,0.125111,0.561892,0.694720,0.090902,0.083185,-0.007717,0.643617,0225
0876,raw,3,1/4,0,0.379267,0.810115,0.430848,0.253692,0.752226,0.125575,0.057889,-0.067685,0.217611,0225
0876,centered,3,1/4,0,0.521653,0.769194,0.247541,0.399817,0.645024,0.121836,0.124171,0.002335,0.534499,0225
0902,raw,6,2/4,1,0.730773,0.721529,-0.009244,0.606175,0.676297,0.124598,0.045232,-0.079366,0.513916,0486
0902,centered,6,2/4,1,0.727575,0.748281,0.020705,0.613602,0.685236,0.113973,0.063045,-0.050928,0.656942,0486
0902,raw,3,1/4,0,0.647892,0.713707,0.065815,0.477611,0.679129,0.170282,0.034578,-0.135703,0.390336,0486
0902,centered,3,1/4,0,0.655476,0.710601,0.055125,0.485427,0.651140,0.170049,0.059462,-0.110587,0.569486,0486
0922,raw,6,2/4,1,0.601187,0.713261,0.112073,0.425515,0.648193,0.175672,0.065067,-0.110605,0.410707,3900
0922,centered,6,2/4,1,0.670583,0.735796,0.065213,0.529466,0.589102,0.141117,0.146695,0.005577,0.634665,3900
0922,raw,3,1/4,0,0.441967,0.727212,0.285245,0.223145,0.688064,0.218822,0.039147,-0.179675,0.194652,3900
0922,centered,3,1/4,0,0.553201,0.724356,0.171154,0.362685,0.529534,0.190517,0.194822,0.004305,0.521926,3900
0959,raw,6,2/4,1,0.778925,0.805285,0.026360,0.728930,0.757676,0.049995,0.047609,-0.002385,0.648589,4702
0959,centered,6,2/4,1,0.764874,0.788821,0.023947,0.696744,0.736689,0.068130,0.052132,-0.015998,0.660823,4702
0959,raw,3,1/4,0,0.770021,0.808682,0.038662,0.694201,0.752809,0.075819,0.055873,-0.019946,0.602968,4702
0959,centered,3,1/4,0,0.737943,0.779652,0.041709,0.633333,0.693292,0.104610,0.086360,-0.018251,0.566439,4702
0977,raw,6,2/4,1,0.553668,0.715997,0.162329,0.443176,0.690730,0.110492,0.025267,-0.085225,0.405443,2873
0977,centered,6,2/4,1,0.635315,0.728685,0.093370,0.559635,0.649740,0.075681,0.078946,0.003265,0.627420,2873
0977,raw,3,1/4,0,0.398804,0.710251,0.311447,0.206838,0.714454,0.191967,-0.004202,-0.196169,0.193853,2873
0977,centered,3,1/4,0,0.521878,0.690809,0.168931,0.360215,0.597466,0.161663,0.093343,-0.068320,0.529962,2873
0979,raw,6,2/4,1,0.534039,0.760318,0.226279,0.531892,0.710047,0.002147,0.050271,0.048123,0.428909,2066
0979,centered,6,2/4,1,0.628327,0.763268,0.134940,0.606748,0.706327,0.021579,0.056940,0.035361,0.643270,2066
0979,raw,3,1/4,0,0.329013,0.803670,0.474657,0.338587,0.706001,-0.009574,0.097668,0.107243,0.231643,2066
0979,centered,3,1/4,0,0.483650,0.760722,0.277072,0.446738,0.665982,0.036912,0.094740,0.057828,0.545687,2066
1003,raw,6,2/4,1,0.674940,0.817735,0.142795,0.615558,0.814684,0.059382,0.003051,-0.056331,0.548779,6324
1003,centered,6,2/4,1,0.716024,0.814236,0.098212,0.667109,0.787218,0.048915,0.027018,-0.021897,0.676668,6324
1003,raw,3,1/4,0,0.596215,0.834214,0.237999,0.548694,0.795165,0.047521,0.039048,-0.008473,0.448596,6324
1003,centered,3,1/4,0,0.647230,0.808882,0.161652,0.614249,0.749564,0.032981,0.059318,0.026337,0.581156,6324
1008,raw,6,2/4,1,0.552820,0.745584,0.192764,0.500287,0.685118,0.052533,0.060466,0.007933,0.407961,4480
1008,centered,6,2/4,1,0.653090,0.726434,0.073344,0.591280,0.658068,0.061810,0.068366,0.006556,0.609284,4480
1008,raw,3,1/4,0,0.356910,0.774753,0.417843,0.272749,0.714075,0.084161,0.060678,-0.023483,0.200504,4480
1008,centered,3,1/4,0,0.502962,0.704327,0.201365,0.401221,0.602029,0.101740,0.102298,0.000558,0.490706,4480
1012,raw,6,2/4,1,0.723024,0.680496,-0.042528,0.597961,0.754729,0.125063,-0.074233,-0.199296,0.541340,1749
1012,centered,6,2/4,1,0.683886,0.699940,0.016055,0.630748,0.742582,0.053137,-0.042642,-0.095780,0.682913,1749
1012,raw,3,1/4,0,0.687012,0.660253,-0.026759,0.518334,0.750425,0.168678,-0.090172,-0.258850,0.469992,1749
1012,centered,3,1/4,0,0.586136,0.642147,0.056011,0.505588,0.667441,0.080548,-0.025294,-0.105843,0.602115,1749
1051,raw,6,2/4,1,0.625754,0.860604,0.234850,0.652497,0.738864,-0.026743,0.121740,0.148483,0.555904,5456
1051,centered,6,2/4,1,0.638093,0.848799,0.210706,0.641582,0.729339,-0.003489,0.119460,0.122949,0.603383,5456
1051,raw,3,1/4,0,0.566277,0.876135,0.309858,0.600971,0.733512,-0.034694,0.142623,0.177317,0.488354,5456
1051,centered,3,1/4,0,0.581732,0.861797,0.280065,0.573714,0.693724,0.008018,0.168073,0.160055,0.545235,5456
1076,raw,6,2/4,1,0.619007,0.672254,0.053247,0.494444,0.721810,0.124563,-0.049556,-0.174119,0.409984,2767
1076,centered,6,2/4,1,0.666114,0.703241,0.037127,0.596313,0.710734,0.069801,-0.007493,-0.077294,0.641970,2767
1076,raw,3,1/4,0,0.487051,0.675724,0.188673,0.257663,0.728542,0.229388,-0.052818,-0.282206,0.192768,2767
1076,centered,3,1/4,0,0.579265,0.656087,0.076822,0.392684,0.658543,0.186581,-0.002457,-0.189038,0.536685,2767
1117,raw,6,2/4,1,0.672064,0.697204,0.025140,0.529352,0.686988,0.142712,0.010216,-0.132496,0.480532,5566
1117,centered,6,2/4,1,0.683446,0.725907,0.042461,0.578354,0.660794,0.105092,0.065113,-0.039979,0.659293,5566
1117,raw,3,1/4,0,0.559015,0.670605,0.111590,0.417269,0.673423,0.141746,-0.002818,-0.144565,0.298522,5566
1117,centered,3,1/4,0,0.589715,0.671906,0.082190,0.479843,0.626345,0.109872,0.045561,-0.064311,0.553580,5566
1153,raw,6,2/4,1,0.649477,0.758182,0.108705,0.528975,0.719267,0.120502,0.038915,-0.081587,0.505190,4823
1153,centered,6,2/4,1,0.689746,0.772671,0.082925,0.600085,0.679763,0.089661,0.092908,0.003247,0.661599,4823
1153,raw,3,1/4,0,0.531234,0.771217,0.239983,0.382432,0.736377,0.148802,0.034840,-0.113962,0.365105,4823
1153,centered,3,1/4,0,0.598741,0.753932,0.155191,0.475274,0.639180,0.123468,0.114752,-0.008716,0.580862,4823
1179,raw,6,2/4,1,0.774473,0.841008,0.066534,0.700104,0.690777,0.074370,0.150230,0.075860,0.648922,1910
1179,centered,6,2/4,1,0.769437,0.837108,0.067671,0.606739,0.680884,0.162698,0.156223,-0.006475,0.704370,1910
1179,raw,3,1/4,0,0.722521,0.842803,0.120282,0.644140,0.651202,0.078381,0.191601,0.113219,0.583065,1910
1179,centered,3,1/4,0,0.715057,0.810708,0.095650,0.485588,0.592527,0.229470,0.218181,-0.011289,0.608610,1910
1203,raw,6,2/4,1,0.523693,0.851017,0.327324,0.517570,0.750652,0.006123,0.100365,0.094243,0.430476,4297
1203,centered,6,2/4,1,0.637314,0.852581,0.215267,0.612147,0.713783,0.025167,0.138798,0.113631,0.661877,4297
1203,raw,3,1/4,0,0.268998,0.897617,0.628620,0.317916,0.749719,-0.048918,0.147898,0.196816,0.182657,4297
1203,centered,3,1/4,0,0.462540,0.866313,0.403773,0.485863,0.674224,-0.023323,0.192089,0.215411,0.534074,4297
1227,raw,6,2/4,1,0.585250,0.746003,0.160753,0.456595,0.665771,0.128655,0.080233,-0.048423,0.414527,1203
1227,centered,6,2/4,1,0.667894,0.750031,0.082137,0.552129,0.611285,0.115765,0.138747,0.022982,0.627444,1203
1227,raw,3,1/4,0,0.393974,0.763841,0.369867,0.225769,0.737937,0.168205,0.025904,-0.142301,0.199331,1203
1227,centered,3,1/4,0,0.542444,0.706533,0.164089,0.368001,0.575262,0.174444,0.131271,-0.043173,0.515095,1203
1235,raw,6,2/4,1,0.637908,0.755654,0.117746,0.615515,0.749457,0.022393,0.006197,-0.016197,0.489170,1282
1235,centered,6,2/4,1,0.684037,0.763770,0.079733,0.669211,0.751330,0.014826,0.012440,-0.002386,0.664527,1282
1235,raw,3,1/4,0,0.533689,0.743681,0.209991,0.471236,0.751684,0.062453,-0.008003,-0.070456,0.321758,1282
1235,centered,3,1/4,0,0.600642,0.716905,0.116263,0.546358,0.725742,0.054283,-0.008838,-0.063121,0.560979,1282
1244,raw,6,2/4,1,0.571862,0.794139,0.222278,0.521646,0.714470,0.050216,0.079669,0.029453,0.442391,3458
1244,centered,6,2/4,1,0.652367,0.807077,0.154710,0.622619,0.685642,0.029748,0.121435,0.091687,0.646468,3458
1244,raw,3,1/4,0,0.366237,0.819130,0.452893,0.329836,0.718490,0.036401,0.100640,0.064240,0.232788,3458
1244,centered,3,1/4,0,0.512207,0.800950,0.288742,0.495598,0.648256,0.016609,0.152694,0.136084,0.543236,3458
1272,raw,6,2/4,1,0.813225,0.755737,-0.057488,0.732197,0.676591,0.081028,0.079146,-0.001882,0.635005,0593
1272,centered,6,2/4,1,0.769226,0.762333,-0.006893,0.645552,0.683087,0.123674,0.079246,-0.044428,0.703128,0593
1272,raw,3,1/4,0,0.785996,0.748481,-0.037515,0.659741,0.673853,0.126255,0.074628,-0.051627,0.576603,0593
1272,centered,3,1/4,0,0.713248,0.723557,0.010308,0.529527,0.634030,0.183721,0.089527,-0.094195,0.618333,0593
1276,raw,6,2/4,1,0.524638,0.713665,0.189027,0.516117,0.646120,0.008521,0.067546,0.059024,0.358899,0196
1276,centered,6,2/4,1,0.609382,0.738374,0.128992,0.593578,0.662420,0.015804,0.075953,0.060150,0.584048,0196
1276,raw,3,1/4,0,0.345157,0.714654,0.369497,0.371351,0.628667,-0.026194,0.085987,0.112181,0.129662,0196
1276,centered,3,1/4,0,0.492475,0.711558,0.219083,0.490183,0.609597,0.002292,0.101961,0.099670,0.494614,0196
1282,raw,6,2/4,1,0.593841,0.783392,0.189551,0.532368,0.791581,0.061473,-0.008189,-0.069662,0.443403,1788
1282,centered,6,2/4,1,0.669783,0.797479,0.127697,0.638696,0.774695,0.031087,0.022784,-0.008303,0.659935,1788
1282,raw,3,1/4,0,0.406054,0.779873,0.373819,0.320367,0.807372,0.085687,-0.027499,-0.113186,0.211646,1788
1282,centered,3,1/4,0,0.534511,0.761480,0.226969,0.494460,0.738068,0.040051,0.023412,-0.016640,0.527329,1788
1285,raw,6,2/4,1,0.632493,0.708640,0.076146,0.485506,0.692596,0.146987,0.016043,-0.130944,0.444274,6494
1285,centered,6,2/4,1,0.678671,0.733685,0.055014,0.580186,0.657037,0.098485,0.076648,-0.021837,0.634959,6494
1285,raw,3,1/4,0,0.471895,0.685241,0.213346,0.259862,0.712145,0.212032,-0.026904,-0.238936,0.245259,6494
1285,centered,3,1/4,0,0.567620,0.697902,0.130282,0.407518,0.602153,0.160101,0.095748,-0.064353,0.545511,6494
1302,raw,6,2/4,1,0.533631,0.862896,0.329266,0.543446,0.738276,-0.009815,0.124620,0.134435,0.453264,2139
1302,centered,6,2/4,1,0.638122,0.848124,0.210001,0.619102,0.715337,0.019021,0.132787,0.113766,0.672292,2139
1302,raw,3,1/4,0,0.367463,0.888820,0.521357,0.379815,0.749563,-0.012352,0.139257,0.151610,0.270379,2139
1302,centered,3,1/4,0,0.516844,0.850731,0.333887,0.502430,0.690228,0.014413,0.160503,0.146090,0.575660,2139
1338,raw,6,2/4,1,0.596226,0.765927,0.169701,0.490411,0.781895,0.105815,-0.015968,-0.121783,0.420181,1461
1338,centered,6,2/4,1,0.672965,0.780440,0.107475,0.604410,0.763762,0.068555,0.016678,-0.051878,0.640139,1461
1338,raw,3,1/4,0,0.432927,0.773212,0.340285,0.290665,0.810339,0.142262,-0.037127,-0.179390,0.221335,1461
1338,centered,3,1/4,0,0.548115,0.757063,0.208948,0.452679,0.751650,0.095436,0.005413,-0.090023,0.547284,1461
1365,raw,6,2/4,1,0.646279,0.745201,0.098922,0.672423,0.696209,-0.026144,0.048992,0.075136,0.482198,2442
1365,centered,6,2/4,1,0.691949,0.756878,0.064929,0.690312,0.711222,0.001637,0.045656,0.044019,0.658438,2442
1365,raw,3,1/4,0,0.550257,0.734557,0.184299,0.556914,0.659070,-0.006657,0.075487,0.082144,0.323626,2442
1365,centered,3,1/4,0,0.610630,0.723312,0.112683,0.594150,0.658787,0.016480,0.064525,0.048045,0.560779,2442
1380,raw,6,2/4,1,0.652765,0.803358,0.150593,0.603693,0.599569,0.049071,0.203789,0.154717,0.498250,5599
1380,centered,6,2/4,1,0.703282,0.799996,0.096714,0.578912,0.601450,0.124370,0.198546,0.074176,0.682619,5599
1380,raw,3,1/4,0,0.557644,0.805736,0.248092,0.513623,0.567200,0.044022,0.238536,0.194514,0.372230,5599
1380,centered,3,1/4,0,0.637550,0.771964,0.134414,0.465976,0.520048,0.171574,0.251916,0.080342,0.591922,5599
1460,raw,6,2/4,1,0.612753,0.735183,0.122430,0.559884,0.678500,0.052869,0.056683,0.003814,0.432794,5174
1460,centered,6,2/4,1,0.680011,0.745329,0.065318,0.613059,0.678667,0.066953,0.066662,-0.000291,0.660299,5174
1460,raw,3,1/4,0,0.495014,0.751382,0.256368,0.369224,0.703555,0.125790,0.047827,-0.077963,0.243259,5174
1460,centered,3,1/4,0,0.596559,0.719385,0.122826,0.456672,0.646501,0.139887,0.072884,-0.067003,0.563020,5174
1461,raw,6,2/4,1,0.503913,0.800658,0.296745,0.459214,0.668675,0.044699,0.131983,0.087284,0.379794,5673
1461,centered,6,2/4,1,0.630408,0.795215,0.164807,0.555459,0.617268,0.074949,0.177947,0.102998,0.625589,5673
1461,raw,3,1/4,0,0.293583,0.824609,0.531026,0.229160,0.664786,0.064423,0.159823,0.095400,0.159038,5673
1461,centered,3,1/4,0,0.476226,0.771721,0.295494,0.343972,0.522775,0.132254,0.248946,0.116691,0.515230,5673
1474,raw,6,2/4,1,0.753130,0.823745,0.070615,0.632778,0.722331,0.120352,0.101414,-0.018939,0.628779,6310
1474,centered,6,2/4,1,0.760631,0.814139,0.053508,0.602212,0.680142,0.158419,0.133997,-0.024421,0.690305,6310
1474,raw,3,1/4,0,0.720046,0.831775,0.111729,0.562137,0.734056,0.157909,0.097719,-0.060190,0.554131,6310
1474,centered,3,1/4,0,0.718642,0.793521,0.074879,0.523544,0.629764,0.195098,0.163757,-0.031341,0.600533,6310
1493,raw,6,2/4,1,0.552368,0.788693,0.236324,0.541711,0.736634,0.010657,0.052059,0.041402,0.435823,3732
1493,centered,6,2/4,1,0.644970,0.790953,0.145983,0.609267,0.749042,0.035704,0.041911,0.006207,0.644125,3732
1493,raw,3,1/4,0,0.363979,0.817657,0.453679,0.370470,0.745059,-0.006492,0.072598,0.079090,0.242824,3732
1493,centered,3,1/4,0,0.508950,0.779302,0.270353,0.481823,0.721922,0.027126,0.057380,0.030254,0.538504,3732
1501,raw,6,2/4,1,0.634256,0.818272,0.184016,0.591008,0.661612,0.043247,0.156660,0.113413,0.519563,0977
1501,centered,6,2/4,1,0.673412,0.820208,0.146795,0.598953,0.637811,0.074459,0.182396,0.107937,0.644211,0977
1501,raw,3,1/4,0,0.500693,0.827730,0.327037,0.521001,0.624974,-0.020307,0.202757,0.223064,0.384360,0977
1501,centered,3,1/4,0,0.567093,0.801947,0.234854,0.493852,0.569846,0.073241,0.232101,0.158860,0.558463,0977
1534,raw,6,2/4,1,0.811723,0.853776,0.042053,0.602784,0.718885,0.208939,0.134891,-0.074048,0.716355,1983
1534,centered,6,2/4,1,0.764776,0.847772,0.082996,0.543156,0.651175,0.221621,0.196597,-0.025024,0.693607,1983
1534,raw,3,1/4,0,0.782262,0.864845,0.082583,0.554667,0.744208,0.227595,0.120637,-0.106958,0.674517,1983
1534,centered,3,1/4,0,0.722564,0.839438,0.116874,0.465626,0.641985,0.256939,0.197453,-0.059485,0.623247,1983
1539,raw,6,2/4,1,0.691450,0.839032,0.147583,0.680233,0.733515,0.011217,0.105517,0.094300,0.562488,0510
1539,centered,6,2/4,1,0.723179,0.834403,0.111224,0.671698,0.746287,0.051481,0.088116,0.036635,0.706061,0510
1539,raw,3,1/4,0,0.622102,0.854044,0.231942,0.611964,0.731061,0.010139,0.122983,0.112845,0.484632,0510
1539,centered,3,1/4,0,0.663443,0.822753,0.159310,0.584861,0.719370,0.078582,0.103383,0.024801,0.621107,0510
1574,raw,6,2/4,1,0.577049,0.725042,0.147993,0.510526,0.753382,0.066523,-0.028340,-0.094863,0.420798,2120
1574,centered,6,2/4,1,0.646061,0.734813,0.088752,0.600512,0.739328,0.045549,-0.004515,-0.050065,0.640535,2120
1574,raw,3,1/4,0,0.390241,0.748680,0.358438,0.310230,0.770611,0.080012,-0.021931,-0.101943,0.230243,2120
1574,centered,3,1/4,0,0.509899,0.703947,0.194048,0.442608,0.708159,0.067291,-0.004212,-0.071504,0.532259,2120
1575,raw,6,2/4,1,0.708142,0.825496,0.117354,0.620481,0.625973,0.087660,0.199522,0.111862,0.573800,5225
1575,centered,6,2/4,1,0.733884,0.821296,0.087413,0.568119,0.611640,0.165765,0.209656,0.043892,0.693248,5225
1575,raw,3,1/4,0,0.647887,0.864719,0.216832,0.564996,0.602483,0.082891,0.262236,0.179345,0.520110,5225
1575,centered,3,1/4,0,0.680379,0.821961,0.141582,0.444131,0.547935,0.236248,0.274026,0.037778,0.615002,5225
1650,raw,6,2/4,1,0.637529,0.769561,0.132031,0.560677,0.789003,0.076853,-0.019442,-0.096295,0.469862,2223
1650,centered,6,2/4,1,0.686395,0.777079,0.090684,0.628981,0.774477,0.057415,0.002602,-0.054813,0.654689,2223
1650,raw,3,1/4,0,0.536015,0.764947,0.228932,0.427376,0.792253,0.108638,-0.027307,-0.135945,0.330814,2223
1650,centered,3,1/4,0,0.600260,0.743972,0.143712,0.512616,0.749044,0.087644,-0.005072,-0.092717,0.549636,2223
1732,raw,6,2/4,1,0.673844,0.697037,0.023193,0.496934,0.717083,0.176911,-0.020046,-0.196957,0.450709,0394
1732,centered,6,2/4,1,0.701433,0.730706,0.029272,0.572124,0.706852,0.129309,0.023853,-0.105456,0.663237,0394
1732,raw,3,1/4,0,0.564310,0.675734,0.111424,0.329457,0.740052,0.234853,-0.064319,-0.299172,0.263716,0394
1732,centered,3,1/4,0,0.602753,0.681781,0.079029,0.432087,0.672063,0.170666,0.009718,-0.160948,0.566574,0394
1749,raw,6,2/4,1,0.744001,0.816625,0.072625,0.730631,0.674092,0.013370,0.142533,0.129163,0.614790,5285
1749,centered,6,2/4,1,0.754666,0.807825,0.053159,0.660995,0.672180,0.093671,0.135645,0.041974,0.689540,5285
1749,raw,3,1/4,0,0.710061,0.822019,0.111958,0.681803,0.647461,0.028258,0.174559,0.146301,0.542709,5285
1749,centered,3,1/4,0,0.708195,0.781446,0.073251,0.563991,0.588292,0.144204,0.193154,0.048950,0.600973,5285
1774,raw,6,2/4,1,0.673614,0.789279,0.115664,0.674919,0.670274,-0.001304,0.119005,0.120309,0.576424,5922
1774,centered,6,2/4,1,0.689786,0.790451,0.100665,0.633741,0.685717,0.056044,0.104734,0.048689,0.677488,5922
1774,raw,3,1/4,0,0.601165,0.822499,0.221333,0.640290,0.648296,-0.039125,0.174203,0.213327,0.480059,5922
1774,centered,3,1/4,0,0.620399,0.778481,0.158082,0.553505,0.639400,0.066894,0.139081,0.072187,0.588316,5922
1785,raw,6,2/4,1,0.676779,0.809673,0.132895,0.584732,0.622913,0.092047,0.186760,0.094713,0.539576,2224
1785,centered,6,2/4,1,0.712098,0.810497,0.098399,0.575537,0.599508,0.136561,0.210989,0.074428,0.691131,2224
1785,raw,3,1/4,0,0.600704,0.828356,0.227651,0.500846,0.617982,0.099858,0.210374,0.110516,0.449962,2224
1785,centered,3,1/4,0,0.654911,0.799141,0.144230,0.456913,0.533914,0.197997,0.265227,0.067229,0.610633,2224
1788,raw,6,2/4,1,0.599720,0.808715,0.208996,0.567907,0.816170,0.031813,-0.007454,-0.039267,0.499914,4415
1788,centered,6,2/4,1,0.654387,0.805625,0.151238,0.628844,0.801277,0.025543,0.004348,-0.021195,0.666983,4415
1788,raw,3,1/4,0,0.493251,0.851690,0.358438,0.449564,0.834361,0.043688,0.017328,-0.026359,0.385865,4415
1788,centered,3,1/4,0,0.574392,0.801601,0.227209,0.529095,0.782587,0.045298,0.019014,-0.026283,0.583260,4415
1794,raw,6,2/4,1,0.645858,0.711895,0.066037,0.476924,0.753523,0.168934,-0.041627,-0.210562,0.454544,3489
1794,centered,6,2/4,1,0.682445,0.746051,0.063606,0.590229,0.701623,0.092216,0.044428,-0.047788,0.660834,3489
1794,raw,3,1/4,0,0.500983,0.689718,0.188735,0.245535,0.767316,0.255448,-0.077598,-0.333046,0.234640,3489
1794,centered,3,1/4,0,0.574971,0.700040,0.125069,0.423743,0.654188,0.151229,0.045852,-0.105376,0.540031,3489
1821,raw,6,2/4,1,0.585280,0.799135,0.213855,0.523566,0.805246,0.061714,-0.006111,-0.067824,0.444592,4243
1821,centered,6,2/4,1,0.674440,0.798946,0.124505,0.632431,0.777820,0.042010,0.021126,-0.020884,0.661385,4243
1821,raw,3,1/4,0,0.424923,0.812014,0.387091,0.342328,0.817628,0.082595,-0.005614,-0.088209,0.267004,4243
1821,centered,3,1/4,0,0.564838,0.780723,0.215885,0.506029,0.744409,0.058809,0.036314,-0.022495,0.559427,4243
1885,raw,6,2/4,1,0.641396,0.748166,0.106770,0.523354,0.797593,0.118042,-0.049427,-0.167469,0.460346,3585
1885,centered,6,2/4,1,0.699945,0.761742,0.061797,0.618230,0.766306,0.081716,-0.004564,-0.086280,0.664617,3585
1885,raw,3,1/4,0,0.499988,0.750503,0.250515,0.319329,0.799667,0.180658,-0.049164,-0.229822,0.263072,3585
1885,centered,3,1/4,0,0.587474,0.733723,0.146249,0.466717,0.721844,0.120756,0.011880,-0.108877,0.553959,3585
1896,raw,6,2/4,1,0.596034,0.831242,0.235208,0.525457,0.756004,0.070577,0.075238,0.004662,0.492261,0721
1896,centered,6,2/4,1,0.667806,0.822519,0.154712,0.599171,0.705287,0.068635,0.117232,0.048596,0.664310,0721
1896,raw,3,1/4,0,0.450178,0.819086,0.368908,0.388762,0.752929,0.061416,0.066157,0.004742,0.302473,0721
1896,centered,3,1/4,0,0.564597,0.797978,0.233381,0.501948,0.675101,0.062649,0.122877,0.060228,0.540311,0721
1910,raw,6,2/4,1,0.667205,0.687845,0.020641,0.588888,0.760696,0.078317,-0.072851,-0.151168,0.466837,3605
1910,centered,6,2/4,1,0.678488,0.683622,0.005134,0.642328,0.753466,0.036160,-0.069844,-0.106004,0.636002,3605
1910,raw,3,1/4,0,0.598253,0.627900,0.029647,0.447665,0.755623,0.150588,-0.127723,-0.278311,0.305117,3605
1910,centered,3,1/4,0,0.602732,0.591234,-0.011497,0.509681,0.732630,0.093051,-0.141396,-0.234447,0.489208,3605
1918,raw,6,2/4,1,0.542674,0.702716,0.160043,0.484650,0.738476,0.058023,-0.035759,-0.093783,0.394727,5369
1918,centered,6,2/4,1,0.603545,0.711036,0.107490,0.589080,0.715105,0.014465,-0.004070,-0.018535,0.608671,5369
1918,raw,3,1/4,0,0.367361,0.680965,0.313604,0.265756,0.735669,0.101605,-0.054704,-0.156309,0.170841,5369
1918,centered,3,1/4,0,0.466717,0.663498,0.196781,0.414372,0.685111,0.052344,-0.021613,-0.073958,0.503126,5369
1977,raw,6,2/4,1,0.693981,0.813187,0.119206,0.637939,0.592499,0.056042,0.220688,0.164646,0.556243,2540
1977,centered,6,2/4,1,0.714793,0.814922,0.100129,0.568752,0.582585,0.146040,0.232337,0.086296,0.678301,2540
1977,raw,3,1/4,0,0.588385,0.785165,0.196779,0.558666,0.541767,0.029719,0.243398,0.213678,0.411635,2540
1977,centered,3,1/4,0,0.644835,0.771142,0.126308,0.452755,0.477711,0.192080,0.293431,0.101351,0.573535,2540
1983,raw,6,2/4,1,0.613026,0.823116,0.210091,0.549520,0.727913,0.063505,0.095203,0.031698,0.518087,1474
1983,centered,6,2/4,1,0.671455,0.800892,0.129437,0.584035,0.668459,0.087420,0.132433,0.045013,0.692365,1474
1983,raw,3,1/4,0,0.466555,0.858367,0.391812,0.416642,0.752882,0.049914,0.105486,0.055572,0.342590,1474
1983,centered,3,1/4,0,0.559605,0.811652,0.252047,0.466855,0.649682,0.092750,0.161970,0.069220,0.568914,1474
1993,raw,6,2/4,1,0.600810,0.786401,0.185590,0.569326,0.786376,0.031484,0.000024,-0.031460,0.466156,6455
1993,centered,6,2/4,1,0.667306,0.793861,0.126555,0.641055,0.787370,0.026252,0.006491,-0.019760,0.657890,6455
1993,raw,3,1/4,0,0.436527,0.770555,0.334028,0.399457,0.756064,0.037070,0.014491,-0.022580,0.260823,6455
1993,centered,3,1/4,0,0.556600,0.746977,0.190377,0.521151,0.739749,0.035449,0.007227,-0.028222,0.532992,6455
1995,raw,6,2/4,1,0.495769,0.714139,0.218370,0.430657,0.767646,0.065112,-0.053507,-0.118619,0.366939,4555
1995,centered,6,2/4,1,0.580190,0.736449,0.156258,0.556654,0.753780,0.023536,-0.017331,-0.040867,0.587015,4555
1995,raw,3,1/4,0,0.311476,0.722408,0.410933,0.210210,0.779026,0.101265,-0.056618,-0.157883,0.143610,4555
1995,centered,3,1/4,0,0.436668,0.711500,0.274833,0.379567,0.730156,0.057100,-0.018656,-0.075756,0.479352,4555
2043,raw,6,2/4,1,0.639590,0.811866,0.172276,0.597673,0.693565,0.041917,0.118302,0.076385,0.527314,1574
2043,centered,6,2/4,1,0.687527,0.807976,0.120449,0.603973,0.680496,0.083554,0.127480,0.043926,0.680790,1574
2043,raw,3,1/4,0,0.532426,0.844456,0.312031,0.484810,0.706959,0.047616,0.137497,0.089882,0.401018,1574
2043,centered,3,1/4,0,0.608427,0.812141,0.203714,0.499153,0.636485,0.109274,0.175656,0.066382,0.590065,1574
2055,raw,6,2/4,1,0.543732,0.780411,0.236679,0.454861,0.715941,0.088871,0.064470,-0.024401,0.410046,0683
2055,centered,6,2/4,1,0.645510,0.783443,0.137933,0.560431,0.672069,0.085078,0.111373,0.026295,0.633276,0683
2055,raw,3,1/4,0,0.347094,0.783165,0.436071,0.238686,0.746939,0.108409,0.036226,-0.072183,0.175355,0683
2055,centered,3,1/4,0,0.496937,0.747917,0.250980,0.395076,0.633584,0.101861,0.114333,0.012472,0.501552,0683
2066,raw,6,2/4,1,0.754523,0.803078,0.048556,0.691153,0.771470,0.063370,0.031609,-0.031761,0.600600,1380
2066,centered,6,2/4,1,0.747463,0.802739,0.055276,0.690374,0.749924,0.057089,0.052816,-0.004273,0.706374,1380
2066,raw,3,1/4,0,0.696690,0.782648,0.085959,0.643709,0.751197,0.052980,0.031452,-0.021529,0.503705,1380
2066,centered,3,1/4,0,0.690438,0.759806,0.069369,0.638556,0.702114,0.051882,0.057692,0.005810,0.601854,1380
2079,raw,6,2/4,1,0.674481,0.842510,0.168029,0.713151,0.728613,-0.038670,0.113897,0.152567,0.566146,6616
2079,centered,6,2/4,1,0.715143,0.827141,0.111998,0.696640,0.728084,0.018503,0.099057,0.080555,0.677501,6616
2079,raw,3,1/4,0,0.600454,0.854293,0.253839,0.660432,0.710790,-0.059978,0.143504,0.203481,0.490604,6616
2079,centered,3,1/4,0,0.657629,0.805508,0.147879,0.618822,0.674457,0.038808,0.131051,0.092243,0.596255,6616
2086,raw,6,2/4,1,0.531232,0.744722,0.213491,0.557629,0.653964,-0.026397,0.090759,0.117156,0.379146,1012
2086,centered,6,2/4,1,0.622289,0.752223,0.129934,0.627804,0.649920,-0.005515,0.102303,0.107819,0.633069,1012
2086,raw,3,1/4,0,0.335592,0.741406,0.405814,0.391786,0.612136,-0.056194,0.129270,0.185464,0.121221,1012
2086,centered,3,1/4,0,0.475081,0.715362,0.240281,0.506119,0.560188,-0.031038,0.155175,0.186213,0.496711,1012
2090,raw,6,2/4,1,0.720732,0.824538,0.103806,0.706928,0.684019,0.013804,0.140519,0.126715,0.584141,5826
2090,centered,6,2/4,1,0.735257,0.825866,0.090609,0.649224,0.700270,0.086033,0.125596,0.039564,0.677301,5826
2090,raw,3,1/4,0,0.635652,0.852439,0.216787,0.649374,0.662625,-0.013722,0.189813,0.203535,0.499534,5826
2090,centered,3,1/4,0,0.664663,0.828705,0.164042,0.555447,0.656318,0.109216,0.172387,0.063171,0.604789,5826
2120,raw,6,2/4,1,0.742793,0.807858,0.065065,0.735254,0.642652,0.007539,0.165207,0.157668,0.593744,3916
2120,centered,6,2/4,1,0.750116,0.801734,0.051618,0.657521,0.660866,0.092595,0.140868,0.048273,0.706497,3916
2120,raw,3,1/4,0,0.708161,0.814993,0.106832,0.705167,0.587276,0.002994,0.227718,0.224724,0.552191,3916
2120,centered,3,1/4,0,0.706010,0.769554,0.063544,0.532157,0.574864,0.173853,0.194690,0.020837,0.627054,3916
2122,raw,6,2/4,1,0.722772,0.751901,0.029128,0.610407,0.740986,0.112366,0.010914,-0.101451,0.538346,5688
2122,centered,6,2/4,1,0.720465,0.773320,0.052855,0.638297,0.713440,0.082168,0.059880,-0.022288,0.663257,5688
2122,raw,3,1/4,0,0.651033,0.746471,0.095438,0.474189,0.752748,0.176844,-0.006277,-0.183121,0.443026,5688
2122,centered,3,1/4,0,0.646755,0.744720,0.097964,0.522817,0.663269,0.123938,0.081450,-0.042488,0.597161,5688
2130,raw,6,2/4,1,0.562800,0.822142,0.259342,0.559400,0.723709,0.003400,0.098433,0.095033,0.455955,5311
2130,centered,6,2/4,1,0.650758,0.819096,0.168338,0.610688,0.727944,0.040070,0.091151,0.051081,0.648105,5311
2130,raw,3,1/4,0,0.391578,0.850348,0.458769,0.405949,0.701340,-0.014370,0.149007,0.163378,0.263386,5311
2130,centered,3,1/4,0,0.528087,0.810682,0.282595,0.484148,0.668944,0.043940,0.141738,0.097799,0.541305,5311
2136,raw,6,2/4,1,0.668487,0.843547,0.175060,0.684497,0.652768,-0.016010,0.190779,0.206790,0.569103,4267
2136,centered,6,2/4,1,0.704947,0.818705,0.113759,0.630225,0.661505,0.074721,0.157200,0.082479,0.673578,4267
2136,raw,3,1/4,0,0.606037,0.866276,0.260239,0.635480,0.647736,-0.029443,0.218540,0.247983,0.511346,4267
2136,centered,3,1/4,0,0.659999,0.808339,0.148340,0.525730,0.618635,0.134269,0.189704,0.055435,0.607529,4267
2139,raw,6,2/4,1,0.589745,0.776673,0.186928,0.502321,0.754164,0.087424,0.022509,-0.064915,0.476500,5510
2139,centered,6,2/4,1,0.652616,0.774606,0.121991,0.580763,0.707706,0.071852,0.066900,-0.004952,0.649223,5510
2139,raw,3,1/4,0,0.462488,0.793685,0.331197,0.344672,0.742388,0.117816,0.051297,-0.066519,0.314784,5510
2139,centered,3,1/4,0,0.573355,0.759026,0.185671,0.448987,0.657943,0.124368,0.101083,-0.023285,0.550773,5510
2179,raw,6,2/4,1,0.569025,0.692849,0.123824,0.487546,0.707776,0.081479,-0.014928,-0.096406,0.406484,2244
2179,centered,6,2/4,1,0.640507,0.711755,0.071248,0.584325,0.699368,0.056182,0.012387,-0.043795,0.623041,2244
2179,raw,3,1/4,0,0.411009,0.680271,0.269262,0.272252,0.706277,0.138757,-0.026006,-0.164764,0.173240,2244
2179,centered,3,1/4,0,0.514526,0.672467,0.157941,0.412887,0.643325,0.101639,0.029141,-0.072497,0.504305,2244
2223,raw,6,2/4,1,0.700991,0.820444,0.119453,0.679699,0.792652,0.021291,0.027791,0.006500,0.568141,0731
2223,centered,6,2/4,1,0.721984,0.813252,0.091268,0.687751,0.786522,0.034233,0.026730,-0.007503,0.682715,0731
2223,raw,3,1/4,0,0.641091,0.837714,0.196623,0.615618,0.769865,0.025473,0.067849,0.042375,0.489663,0731
2223,centered,3,1/4,0,0.673802,0.805607,0.131805,0.626916,0.752725,0.046885,0.052882,0.005997,0.588503,0731
2224,raw,6,2/4,1,0.573706,0.716304,0.142597,0.450538,0.670023,0.123168,0.046280,-0.076888,0.386017,3128
2224,centered,6,2/4,1,0.654663,0.737879,0.083216,0.543536,0.632808,0.111127,0.105071,-0.006056,0.619778,3128
2224,raw,3,1/4,0,0.423432,0.707450,0.284019,0.246081,0.684050,0.177350,0.023401,-0.153950,0.164364,3128
2224,centered,3,1/4,0,0.545104,0.677799,0.132695,0.372199,0.562399,0.172905,0.115401,-0.057505,0.499590,3128
2244,raw,6,2/4,1,0.567417,0.779848,0.212431,0.582740,0.682552,-0.015323,0.097295,0.112619,0.440207,4262
2244,centered,6,2/4,1,0.636402,0.790900,0.154498,0.606916,0.698258,0.029485,0.092641,0.063156,0.627366,4262
2244,raw,3,1/4,0,0.384709,0.807126,0.422417,0.430560,0.684869,-0.045851,0.122257,0.168108,0.240852,4262
2244,centered,3,1/4,0,0.516126,0.772618,0.256492,0.495510,0.656766,0.020616,0.115851,0.095235,0.527450,4262
2281,raw,6,2/4,1,0.581237,0.795472,0.214235,0.558732,0.741258,0.022505,0.054213,0.031708,0.464149,0979
2281,centered,6,2/4,1,0.645945,0.796603,0.150658,0.629919,0.727922,0.016025,0.068681,0.052656,0.637500,0979
2281,raw,3,1/4,0,0.413044,0.806780,0.393736,0.379022,0.755726,0.034021,0.051053,0.017032,0.272035,0979
2281,centered,3,1/4,0,0.516930,0.786342,0.269412,0.506993,0.700338,0.009937,0.086004,0.076067,0.518775,0979
2348,raw,6,2/4,1,0.566098,0.747094,0.180996,0.493499,0.774398,0.072599,-0.027305,-0.099904,0.402011,0072
2348,centered,6,2/4,1,0.641159,0.758268,0.117109,0.597917,0.770449,0.043241,-0.012181,-0.055422,0.631324,0072
2348,raw,3,1/4,0,0.364908,0.735208,0.370299,0.297988,0.784281,0.066920,-0.049073,-0.115993,0.155765,0072
2348,centered,3,1/4,0,0.498991,0.719279,0.220288,0.451445,0.769913,0.047546,-0.050633,-0.098179,0.501335,0072
2350,raw,6,2/4,1,0.754441,0.754781,0.000340,0.705327,0.731779,0.049115,0.023002,-0.026112,0.593175,1650
2350,centered,6,2/4,1,0.746265,0.751386,0.005121,0.673676,0.730458,0.072589,0.020928,-0.051661,0.689138,1650
2350,raw,3,1/4,0,0.731392,0.769986,0.038594,0.648041,0.737888,0.083351,0.032098,-0.051253,0.529783,1650
2350,centered,3,1/4,0,0.700838,0.725698,0.024860,0.584576,0.699874,0.116262,0.025824,-0.090438,0.608638,1650
2392,raw,6,2/4,1,0.781688,0.830353,0.048666,0.688233,0.684356,0.093455,0.145997,0.052542,0.647672,6516
2392,centered,6,2/4,1,0.775976,0.824649,0.048674,0.603773,0.679338,0.172202,0.145311,-0.026891,0.714218,6516
2392,raw,3,1/4,0,0.770727,0.858859,0.088132,0.665812,0.666531,0.104915,0.192328,0.087414,0.629821,6516
2392,centered,3,1/4,0,0.742218,0.815212,0.072994,0.485928,0.608928,0.256290,0.206284,-0.050006,0.633731,6516
2398,raw,6,2/4,1,0.641852,0.860608,0.218756,0.610870,0.725938,0.030982,0.134671,0.103688,0.552209,5249
2398,centered,6,2/4,1,0.699176,0.850121,0.150945,0.606551,0.704785,0.092624,0.145335,0.052711,0.674703,5249
2398,raw,3,1/4,0,0.510117,0.872238,0.362122,0.533934,0.727269,-0.023817,0.144969,0.168786,0.427796,5249
2398,centered,3,1/4,0,0.610313,0.829178,0.218865,0.528522,0.672918,0.081792,0.156260,0.074468,0.582613,5249
2412,raw,6,2/4,1,0.595028,0.701433,0.106405,0.550790,0.677934,0.044237,0.023498,-0.020739,0.399036,5831
2412,centered,6,2/4,1,0.673000,0.719865,0.046865,0.623123,0.680528,0.049877,0.039337,-0.010540,0.629950,5831
2412,raw,3,1/4,0,0.413974,0.672626,0.258652,0.360785,0.663318,0.053189,0.009308,-0.043881,0.172859,5831
2412,centered,3,1/4,0,0.541848,0.655847,0.113999,0.482921,0.608916,0.058927,0.046931,-0.011996,0.502671,5831
2442,raw,6,2/4,1,0.619492,0.738852,0.119360,0.494977,0.791743,0.124515,-0.052891,-0.177406,0.437475,1534
2442,centered,6,2/4,1,0.680071,0.764787,0.084716,0.604917,0.778152,0.075154,-0.013365,-0.088519,0.653553,1534
2442,raw,3,1/4,0,0.445727,0.720654,0.274927,0.271306,0.809049,0.174420,-0.088395,-0.262816,0.203779,1534
2442,centered,3,1/4,0,0.560979,0.731001,0.170021,0.442200,0.768618,0.118780,-0.037617,-0.156397,0.535676,1534
2448,raw,6,2/4,1,0.806243,0.766024,-0.040219,0.719990,0.819587,0.086253,-0.053563,-0.139816,0.651221,4697
2448,centered,6,2/4,1,0.744780,0.778873,0.034093,0.712292,0.807654,0.032488,-0.028780,-0.061269,0.701209,4697
2448,raw,3,1/4,0,0.785723,0.764794,-0.020929,0.656764,0.830074,0.128959,-0.065280,-0.194238,0.604533,4697
2448,centered,3,1/4,0,0.682817,0.740053,0.057237,0.636338,0.781586,0.046478,-0.041532,-0.088010,0.612453,4697
2503,raw,6,2/4,1,0.638866,0.834375,0.195509,0.636316,0.673717,0.002550,0.160658,0.158108,0.540864,1918
2503,centered,6,2/4,1,0.686495,0.826041,0.139546,0.617271,0.677470,0.069224,0.148571,0.079347,0.684487,1918
2503,raw,3,1/4,0,0.544492,0.851266,0.306773,0.555264,0.641114,-0.010772,0.210152,0.220924,0.414847,1918
2503,centered,3,1/4,0,0.618178,0.824864,0.206686,0.511678,0.616193,0.106500,0.208670,0.102170,0.582121,1918
2513,raw,6,2/4,1,0.754521,0.790635,0.036114,0.706545,0.734542,0.047976,0.056093,0.008117,0.621653,3712
2513,centered,6,2/4,1,0.734436,0.790803,0.056367,0.683840,0.711540,0.050596,0.079263,0.028667,0.679102,3712
2513,raw,3,1/4,0,0.711909,0.779463,0.067555,0.649749,0.703376,0.062159,0.076088,0.013928,0.539894,3712
2513,centered,3,1/4,0,0.676285,0.754601,0.078316,0.619229,0.637102,0.057056,0.117500,0.060444,0.583403,3712
2540,raw,6,2/4,1,0.695207,0.672443,-0.022763,0.557790,0.656989,0.137416,0.015454,-0.121962,0.482853,1460
2540,centered,6,2/4,1,0.690044,0.697266,0.007222,0.594282,0.644457,0.095762,0.052809,-0.042953,0.665060,1460
2540,raw,3,1/4,0,0.614049,0.650371,0.036322,0.463728,0.666729,0.150321,-0.016358,-0.166679,0.337566,1460
2540,centered,3,1/4,0,0.587702,0.646905,0.059203,0.469888,0.593643,0.117814,0.053262,-0.064551,0.575110,1460
2547,raw,6,2/4,1,0.497376,0.686794,0.189418,0.433762,0.688891,0.063614,-0.002097,-0.065711,0.342247,5553
2547,centered,6,2/4,1,0.587244,0.703721,0.116476,0.562792,0.656923,0.024453,0.046798,0.022345,0.585498,5553
2547,raw,3,1/4,0,0.312910,0.685558,0.372648,0.241037,0.716283,0.071873,-0.030725,-0.102598,0.153750,5553
2547,centered,3,1/4,0,0.431373,0.657246,0.225873,0.398638,0.609389,0.032736,0.047857,0.015122,0.485397,5553
2583,raw,6,2/4,1,0.732530,0.806639,0.074109,0.682095,0.644947,0.050435,0.161692,0.111257,0.577317,2547
2583,centered,6,2/4,1,0.743028,0.812069,0.069041,0.632033,0.638583,0.110995,0.173486,0.062491,0.691509,2547
2583,raw,3,1/4,0,0.676539,0.837158,0.160618,0.604976,0.640914,0.071564,0.196243,0.124679,0.504222,2547
2583,centered,3,1/4,0,0.697204,0.810377,0.113173,0.531120,0.585493,0.166084,0.224884,0.058800,0.608866,2547
2589,raw,6,2/4,1,0.707018,0.795774,0.088756,0.598301,0.605675,0.108718,0.190099,0.081382,0.573850,3947
2589,centered,6,2/4,1,0.715837,0.786929,0.071092,0.524240,0.584636,0.191597,0.202293,0.010696,0.655156,3947
2589,raw,3,1/4,0,0.667408,0.793506,0.126098,0.527124,0.564324,0.140284,0.229182,0.088898,0.505368,3947
2589,centered,3,1/4,0,0.660720,0.761954,0.101234,0.361302,0.489382,0.299417,0.272572,-0.026846,0.539414,3947
2602,raw,6,2/4,1,0.742157,0.831614,0.089457,0.673964,0.778739,0.068193,0.052876,-0.015317,0.613744,0075
2602,centered,6,2/4,1,0.754294,0.830794,0.076500,0.676948,0.764573,0.077346,0.066221,-0.011125,0.687049,0075
2602,raw,3,1/4,0,0.670821,0.852783,0.181961,0.610016,0.788821,0.060805,0.063962,0.003156,0.540288,0075
2602,centered,3,1/4,0,0.705349,0.827444,0.122095,0.612270,0.737777,0.093080,0.089667,-0.003412,0.617824,0075
2666,raw,6,2/4,1,0.512647,0.755630,0.242983,0.439332,0.742811,0.073315,0.012819,-0.060496,0.376786,0777
2666,centered,6,2/4,1,0.627751,0.756835,0.129085,0.571906,0.679707,0.055845,0.077128,0.021283,0.625302,0777
2666,raw,3,1/4,0,0.303141,0.780454,0.477313,0.184709,0.764041,0.118432,0.016413,-0.102019,0.127541,0777
2666,centered,3,1/4,0,0.470914,0.735563,0.264649,0.377144,0.627236,0.093770,0.108327,0.014556,0.485832,0777
2680,raw,6,2/4,1,0.492476,0.785612,0.293136,0.494887,0.707765,-0.002412,0.077847,0.080258,0.383030,5768
2680,centered,6,2/4,1,0.628643,0.770266,0.141623,0.587027,0.720549,0.041616,0.049717,0.008101,0.630095,5768
2680,raw,3,1/4,0,0.275837,0.833220,0.557383,0.282469,0.727671,-0.006632,0.105549,0.112181,0.184557,5768
2680,centered,3,1/4,0,0.463615,0.777272,0.313657,0.408840,0.706476,0.054775,0.070796,0.016021,0.530160,5768
2708,raw,6,2/4,1,0.691914,0.746354,0.054439,0.627681,0.761687,0.064234,-0.015333,-0.079567,0.547246,6646
2708,centered,6,2/4,1,0.664391,0.762655,0.098263,0.623453,0.753708,0.040938,0.008947,-0.031992,0.621512,6646
2708,raw,3,1/4,0,0.640072,0.715204,0.075132,0.559889,0.744843,0.080183,-0.029638,-0.109822,0.451373,6646
2708,centered,3,1/4,0,0.596317,0.728715,0.132397,0.550111,0.713738,0.046206,0.014977,-0.031229,0.551636,6646
2719,raw,6,2/4,1,0.531301,0.801378,0.270077,0.587424,0.676779,-0.056123,0.124599,0.180722,0.420725,1117
2719,centered,6,2/4,1,0.633607,0.804792,0.171185,0.622992,0.703969,0.010615,0.100823,0.090208,0.649270,1117
2719,raw,3,1/4,0,0.332947,0.812216,0.479269,0.424850,0.663871,-0.091903,0.148345,0.240248,0.181493,1117
2719,centered,3,1/4,0,0.493649,0.787738,0.294089,0.498563,0.664640,-0.004914,0.123098,0.128012,0.521903,1117
2734,raw,6,2/4,1,0.608268,0.826454,0.218185,0.544446,0.721075,0.063822,0.105378,0.041556,0.502944,2680
2734,centered,6,2/4,1,0.670424,0.807819,0.137395,0.590994,0.671133,0.079430,0.136685,0.057256,0.656157,2680
2734,raw,3,1/4,0,0.493182,0.814322,0.321139,0.433993,0.705276,0.059189,0.109046,0.049857,0.363322,2680
2734,centered,3,1/4,0,0.588437,0.778524,0.190087,0.504166,0.622905,0.084271,0.155619,0.071348,0.546386,2680
2741,raw,6,2/4,1,0.623323,0.764292,0.140969,0.532943,0.751415,0.090381,0.012877,-0.077504,0.451473,1575
2741,centered,6,2/4,1,0.690956,0.762651,0.071695,0.613282,0.734174,0.077674,0.028477,-0.049197,0.638218,1575
2741,raw,3,1/4,0,0.489744,0.748330,0.258586,0.342997,0.766312,0.146747,-0.017982,-0.164729,0.274507,1575
2741,centered,3,1/4,0,0.596506,0.711973,0.115467,0.462721,0.708451,0.133785,0.003522,-0.130263,0.525701,1575
2767,raw,6,2/4,1,0.726981,0.780132,0.053151,0.743008,0.715918,-0.016027,0.064214,0.080241,0.593210,6227
2767,centered,6,2/4,1,0.722082,0.785529,0.063447,0.699537,0.737573,0.022545,0.047956,0.025411,0.686002,6227
2767,raw,3,1/4,0,0.646379,0.800423,0.154044,0.658753,0.705938,-0.012373,0.094485,0.106858,0.482694,6227
2767,centered,3,1/4,0,0.661395,0.768960,0.107565,0.612553,0.684612,0.048842,0.084348,0.035506,0.599997,6227
2819,raw,6,2/4,1,0.473494,0.823989,0.350496,0.442954,0.697800,0.030540,0.126190,0.095650,0.395026,0726
2819,centered,6,2/4,1,0.592862,0.819926,0.227065,0.545430,0.655488,0.047431,0.164439,0.117007,0.604907,0726
2819,raw,3,1/4,0,0.277647,0.823886,0.546239,0.269558,0.702770,0.008089,0.121116,0.113027,0.183106,0726
2819,centered,3,1/4,0,0.425525,0.802108,0.376583,0.395096,0.617142,0.030429,0.184965,0.154536,0.496372,0726
2868,raw,6,2/4,1,0.738545,0.834096,0.095551,0.695430,0.691661,0.043115,0.142435,0.099319,0.610965,0247
2868,centered,6,2/4,1,0.739948,0.831591,0.091643,0.620542,0.703866,0.119406,0.127725,0.008319,0.685728,0247
2868,raw,3,1/4,0,0.699288,0.831159,0.131871,0.630824,0.681616,0.068464,0.149542,0.081078,0.552531,0247
2868,centered,3,1/4,0,0.695458,0.811096,0.115638,0.524477,0.664974,0.170981,0.146121,-0.024859,0.602470,0247
2873,raw,6,2/4,1,0.501189,0.844841,0.343652,0.513815,0.705622,-0.012626,0.139219,0.151845,0.429070,0864
2873,centered,6,2/4,1,0.611793,0.833005,0.221212,0.595605,0.689352,0.016188,0.143654,0.127466,0.641443,0864
2873,raw,3,1/4,0,0.282967,0.839421,0.556454,0.327801,0.710457,-0.044835,0.128963,0.173798,0.185805,0864
2873,centered,3,1/4,0,0.454477,0.795066,0.340588,0.479850,0.654529,-0.025373,0.140537,0.165910,0.524699,0864
2886,raw,6,2/4,1,0.654695,0.718542,0.063846,0.574171,0.807147,0.080524,-0.088605,-0.169129,0.494504,5938
2886,centered,6,2/4,1,0.644946,0.737158,0.092212,0.625975,0.787418,0.018971,-0.050260,-0.069230,0.623305,5938
2886,raw,3,1/4,0,0.560877,0.695340,0.134464,0.418048,0.820290,0.142829,-0.124950,-0.267778,0.343034,5938
2886,centered,3,1/4,0,0.551821,0.680717,0.128896,0.515006,0.762101,0.036815,-0.081384,-0.118199,0.540412,5938
2906,raw,6,2/4,1,0.617921,0.809723,0.191802,0.643278,0.746814,-0.025357,0.062909,0.088266,0.497071,2348
2906,centered,6,2/4,1,0.681452,0.804776,0.123323,0.671243,0.755307,0.010209,0.049469,0.039260,0.673364,2348
2906,raw,3,1/4,0,0.515272,0.806948,0.291675,0.528603,0.743560,-0.013331,0.063387,0.076718,0.357098,2348
2906,centered,3,1/4,0,0.609399,0.775934,0.166535,0.580953,0.716703,0.028446,0.059231,0.030785,0.575022,2348
2952,raw,6,2/4,1,0.721519,0.782375,0.060856,0.697546,0.788167,0.023973,-0.005792,-0.029765,0.572822,2906
2952,centered,6,2/4,1,0.732822,0.792330,0.059508,0.715667,0.787580,0.017155,0.004750,-0.012405,0.683480,2906
2952,raw,3,1/4,0,0.664045,0.780391,0.116346,0.647546,0.776004,0.016499,0.004387,-0.012112,0.479676,2906
2952,centered,3,1/4,0,0.676222,0.766922,0.090700,0.665543,0.756569,0.010679,0.010352,-0.000327,0.578884,2906
2956,raw,6,2/4,1,0.606429,0.840526,0.234097,0.600485,0.789746,0.005944,0.050781,0.044837,0.497909,4466
2956,centered,6,2/4,1,0.679076,0.834994,0.155918,0.664352,0.790758,0.014724,0.044236,0.029512,0.675261,4466
2956,raw,3,1/4,0,0.484880,0.847635,0.362755,0.468569,0.775573,0.016311,0.072062,0.055751,0.346253,4466
2956,centered,3,1/4,0,0.588304,0.830155,0.241851,0.550965,0.762356,0.037338,0.067799,0.030460,0.565424,4466
2975,raw,6,2/4,1,0.647593,0.834274,0.186681,0.611789,0.718229,0.035804,0.116046,0.080241,0.534086,6144
2975,centered,6,2/4,1,0.691247,0.822253,0.131006,0.623525,0.693073,0.067722,0.129180,0.061457,0.670252,6144
2975,raw,3,1/4,0,0.550486,0.832936,0.282449,0.530761,0.703590,0.019725,0.129346,0.109620,0.409093,6144
2975,centered,3,1/4,0,0.624691,0.792827,0.168136,0.547595,0.653753,0.077096,0.139074,0.061978,0.575478,6144
3009,raw,6,2/4,1,0.532085,0.745821,0.213737,0.439954,0.768944,0.092131,-0.023123,-0.115254,0.368828,6306
3009,centered,6,2/4,1,0.617338,0.778088,0.160751,0.571781,0.756835,0.045557,0.021253,-0.024303,0.603000,6306
3009,raw,3,1/4,0,0.335829,0.732545,0.396716,0.222101,0.750813,0.113728,-0.018268,-0.131996,0.136148,6306
3009,centered,3,1/4,0,0.469162,0.741299,0.272137,0.394063,0.717933,0.075099,0.023367,-0.051733,0.496384,6306
3017,raw,6,2/4,1,0.824960,0.807496,-0.017464,0.757109,0.740221,0.067851,0.067275,-0.000577,0.673977,3702
3017,centered,6,2/4,1,0.787418,0.800120,0.012702,0.691111,0.738147,0.096306,0.061973,-0.034333,0.703323,3702
3017,raw,3,1/4,0,0.797012,0.830781,0.033769,0.700840,0.713898,0.096172,0.116882,0.020711,0.634884,3702
3017,centered,3,1/4,0,0.743588,0.789641,0.046052,0.594729,0.691211,0.148859,0.098429,-0.050430,0.627046,3702
3026,raw,6,2/4,1,0.539952,0.771350,0.231398,0.518211,0.747208,0.021741,0.024142,0.002401,0.419474,3397
3026,centered,6,2/4,1,0.621893,0.787769,0.165876,0.601844,0.744914,0.020049,0.042854,0.022805,0.626467,3397
3026,raw,3,1/4,0,0.375325,0.782272,0.406946,0.312006,0.738886,0.063319,0.043385,-0.019934,0.188307,3397
3026,centered,3,1/4,0,0.504513,0.772455,0.267941,0.445742,0.708295,0.058771,0.064159,0.005388,0.502529,3397
3116,raw,6,2/4,1,0.596451,0.735752,0.139301,0.558190,0.662113,0.038261,0.073639,0.035378,0.429540,0214
3116,centered,6,2/4,1,0.654574,0.735411,0.080837,0.580990,0.663786,0.073584,0.071625,-0.001959,0.625888,0214
3116,raw,3,1/4,0,0.472915,0.768384,0.295469,0.409844,0.648712,0.063071,0.119671,0.056600,0.283534,0214
3116,centered,3,1/4,0,0.557827,0.709019,0.151192,0.429514,0.597965,0.128313,0.111054,-0.017259,0.528548,0214
3128,raw,6,2/4,1,0.700170,0.827592,0.127422,0.604752,0.689938,0.095418,0.137654,0.042236,0.591308,3116
3128,centered,6,2/4,1,0.717020,0.825664,0.108644,0.598181,0.648516,0.118839,0.177147,0.058308,0.681908,3116
3128,raw,3,1/4,0,0.609474,0.837853,0.228379,0.517693,0.685808,0.091781,0.152046,0.060265,0.483676,3116
3128,centered,3,1/4,0,0.643795,0.811547,0.167751,0.507292,0.591328,0.136503,0.220219,0.083715,0.598134,3116
3135,raw,6,2/4,1,0.809316,0.801916,-0.007399,0.698907,0.737686,0.110409,0.064231,-0.046178,0.679157,2281
3135,centered,6,2/4,1,0.758198,0.807969,0.049770,0.635674,0.719091,0.122524,0.088877,-0.033647,0.693190,2281
3135,raw,3,1/4,0,0.772586,0.804351,0.031765,0.632318,0.710256,0.140268,0.094095,-0.046173,0.617666,2281
3135,centered,3,1/4,0,0.711096,0.790601,0.079505,0.541593,0.659034,0.169503,0.131567,-0.037936,0.618154,2281
3139,raw,6,2/4,1,0.559037,0.782564,0.223526,0.527407,0.727210,0.031630,0.055354,0.023724,0.422483,6502
3139,centered,6,2/4,1,0.625445,0.805334,0.179889,0.609725,0.708806,0.015721,0.096528,0.080807,0.623859,6502
3139,raw,3,1/4,0,0.356027,0.777347,0.421320,0.346026,0.681872,0.010002,0.095475,0.085473,0.179963,6502
3139,centered,3,1/4,0,0.475814,0.784019,0.308205,0.478783,0.626819,-0.002969,0.157200,0.160168,0.500835,6502
3151,raw,6,2/4,1,0.525952,0.830061,0.304109,0.510382,0.809977,0.015570,0.020083,0.004514,0.408004,5555
3151,centered,6,2/4,1,0.627080,0.832225,0.205145,0.615438,0.803613,0.011642,0.028612,0.016970,0.643068,5555
3151,raw,3,1/4,0,0.309103,0.846318,0.537215,0.298381,0.809561,0.010722,0.036757,0.026035,0.174009,5555
3151,centered,3,1/4,0,0.468567,0.840141,0.371574,0.455644,0.787638,0.012923,0.052503,0.039580,0.515212,5555
3187,raw,6,2/4,1,0.618890,0.733310,0.114420,0.487437,0.688822,0.131454,0.044488,-0.086966,0.445021,5473
3187,centered,6,2/4,1,0.683244,0.745798,0.062553,0.569065,0.657013,0.114179,0.088785,-0.025394,0.674586,5473
3187,raw,3,1/4,0,0.511260,0.717512,0.206252,0.295177,0.697803,0.216083,0.019709,-0.196374,0.264676,5473
3187,centered,3,1/4,0,0.592906,0.684554,0.091647,0.391582,0.593295,0.201324,0.091259,-0.110065,0.569599,5473
3221,raw,6,2/4,1,0.585630,0.743655,0.158026,0.513807,0.685863,0.071823,0.057793,-0.014030,0.391551,6626
3221,centered,6,2/4,1,0.665314,0.760873,0.095559,0.597282,0.677736,0.068033,0.083137,0.015105,0.634989,6626
3221,raw,3,1/4,0,0.459411,0.747992,0.288581,0.314663,0.696254,0.144748,0.051738,-0.093010,0.202250,6626
3221,centered,3,1/4,0,0.581912,0.722491,0.140579,0.433660,0.600455,0.148252,0.122035,-0.026217,0.540959,6626
3240,raw,6,2/4,1,0.704058,0.784387,0.080329,0.687693,0.619155,0.016365,0.165233,0.148868,0.532328,1732
3240,centered,6,2/4,1,0.734352,0.786162,0.051810,0.641339,0.635019,0.093013,0.151144,0.058130,0.663437,1732
3240,raw,3,1/4,0,0.649974,0.776326,0.126352,0.646389,0.573634,0.003585,0.202692,0.199107,0.454816,1732
3240,centered,3,1/4,0,0.678260,0.736480,0.058220,0.516744,0.545424,0.161516,0.191056,0.029540,0.544044,1732
3247,raw,6,2/4,1,0.679480,0.753920,0.074441,0.583014,0.676341,0.096466,0.077579,-0.018887,0.489277,1365
3247,centered,6,2/4,1,0.704134,0.778409,0.074275,0.608348,0.690467,0.095785,0.087942,-0.007843,0.670082,1365
3247,raw,3,1/4,0,0.574470,0.772092,0.197623,0.472480,0.665312,0.101990,0.106780,0.004791,0.374733,1365
3247,centered,3,1/4,0,0.607077,0.763579,0.156502,0.465931,0.637749,0.141146,0.125831,-0.015315,0.593064,1365
3258,raw,6,2/4,1,0.555933,0.713487,0.157554,0.455359,0.767951,0.100574,-0.054465,-0.155038,0.399514,3831
3258,centered,6,2/4,1,0.626024,0.742765,0.116740,0.586596,0.747501,0.039428,-0.004736,-0.044164,0.626567,3831
3258,raw,3,1/4,0,0.335558,0.709635,0.374077,0.190866,0.769962,0.144692,-0.060327,-0.205019,0.109240,3831
3258,centered,3,1/4,0,0.478613,0.712954,0.234341,0.388221,0.720665,0.090392,-0.007712,-0.098103,0.495114,3831
3329,raw,6,2/4,1,0.677800,0.737429,0.059629,0.654465,0.577461,0.023335,0.159968,0.136633,0.511694,5465
3329,centered,6,2/4,1,0.692978,0.758560,0.065582,0.590992,0.614184,0.101986,0.144376,0.042390,0.654358,5465
3329,raw,3,1/4,0,0.590641,0.719849,0.129208,0.581660,0.498887,0.008981,0.220962,0.211982,0.354846,5465
3329,centered,3,1/4,0,0.633277,0.725819,0.092542,0.502826,0.534955,0.130450,0.190863,0.060413,0.559402,5465
3352,raw,6,2/4,1,0.690978,0.803141,0.112162,0.619512,0.733328,0.071466,0.069812,-0.001653,0.593853,0282
3352,centered,6,2/4,1,0.663222,0.781547,0.118324,0.559367,0.692537,0.103855,0.089010,-0.014846,0.589282,0282
3352,raw,3,1/4,0,0.646677,0.833555,0.186878,0.575906,0.744239,0.070771,0.089315,0.018545,0.570170,0282
3352,centered,3,1/4,0,0.615738,0.775374,0.159636,0.459286,0.658089,0.156451,0.117285,-0.039166,0.533432,0282
3361,raw,6,2/4,1,0.769778,0.886655,0.116877,0.780544,0.763653,-0.010766,0.123001,0.133767,0.686733,5289
3361,centered,6,2/4,1,0.768703,0.865710,0.097007,0.717739,0.765241,0.050964,0.100469,0.049505,0.698491,5289
3361,raw,3,1/4,0,0.727914,0.899943,0.172029,0.750604,0.754687,-0.022690,0.145256,0.167946,0.639086,5289
3361,centered,3,1/4,0,0.724633,0.853613,0.128980,0.665721,0.712789,0.058912,0.140824,0.081912,0.619813,5289
3397,raw,6,2/4,1,0.536098,0.799306,0.263209,0.488789,0.761846,0.047309,0.037460,-0.009849,0.453299,4104
3397,centered,6,2/4,1,0.614762,0.801513,0.186751,0.596070,0.726102,0.018693,0.075411,0.056719,0.620683,4104
3397,raw,3,1/4,0,0.338598,0.825328,0.486730,0.287751,0.781984,0.050847,0.043343,-0.007504,0.245596,4104
3397,centered,3,1/4,0,0.481298,0.804933,0.323635,0.448334,0.702722,0.032964,0.102211,0.069246,0.536192,4104
3417,raw,6,2/4,1,0.669867,0.797767,0.127900,0.641626,0.738407,0.028241,0.059360,0.031119,0.552335,6513
3417,centered,6,2/4,1,0.707671,0.805820,0.098148,0.664688,0.739553,0.042983,0.066267,0.023283,0.667222,6513
3417,raw,3,1/4,0,0.539009,0.829788,0.290778,0.566551,0.745048,-0.027542,0.084739,0.112281,0.427508,6513
3417,centered,3,1/4,0,0.610840,0.808711,0.197871,0.605567,0.730152,0.005272,0.078559,0.073286,0.588013,6513
3428,raw,6,2/4,1,0.708971,0.812454,0.103482,0.665637,0.722877,0.043334,0.089576,0.046242,0.576403,2086
3428,centered,6,2/4,1,0.730148,0.815128,0.084980,0.650137,0.723610,0.080012,0.091518,0.011507,0.674434,2086
3428,raw,3,1/4,0,0.642266,0.823591,0.181325,0.608302,0.721896,0.033964,0.101695,0.067731,0.488401,2086
3428,centered,3,1/4,0,0.675280,0.808665,0.133385,0.566663,0.701322,0.108617,0.107343,-0.001275,0.597398,2086
3458,raw,6,2/4,1,0.723241,0.785155,0.061915,0.689179,0.749427,0.034062,0.035728,0.001666,0.572112,2741
3458,centered,6,2/4,1,0.742058,0.782857,0.040800,0.684057,0.744092,0.058001,0.038765,-0.019236,0.670270,2741
3458,raw,3,1/4,0,0.686302,0.823822,0.137520,0.650332,0.764384,0.035970,0.059438,0.023468,0.523099,2741
3458,centered,3,1/4,0,0.711174,0.792315,0.081141,0.619370,0.727300,0.091804,0.065015,-0.026788,0.617111,2741
3461,raw,6,2/4,1,0.609241,0.751861,0.142620,0.512073,0.646648,0.097168,0.105213,0.008045,0.438449,3597
3461,centered,6,2/4,1,0.666625,0.775826,0.109201,0.571100,0.628875,0.095525,0.146952,0.051427,0.648513,3597
3461,raw,3,1/4,0,0.465398,0.753128,0.287730,0.328834,0.640190,0.136565,0.112938,-0.023627,0.245901,3597
3461,centered,3,1/4,0,0.551220,0.746600,0.195380,0.411480,0.544524,0.139739,0.202076,0.062336,0.558264,3597
3462,raw,6,2/4,1,0.563212,0.773603,0.210391,0.603304,0.722641,-0.040092,0.050962,0.091053,0.466628,4116
3462,centered,6,2/4,1,0.641440,0.727319,0.085878,0.647642,0.697492,-0.006202,0.029826,0.036028,0.597745,4116
3462,raw,3,1/4,0,0.431496,0.778407,0.346912,0.464419,0.744776,-0.032923,0.033631,0.066554,0.388573,4116
3462,centered,3,1/4,0,0.539469,0.656584,0.117115,0.538977,0.653077,0.000492,0.003507,0.003016,0.527899,4116
3489,raw,6,2/4,1,0.559215,0.800296,0.241082,0.528540,0.687102,0.030675,0.113194,0.082519,0.474414,0876
3489,centered,6,2/4,1,0.644434,0.757132,0.112699,0.577385,0.662134,0.067049,0.094999,0.027950,0.623103,0876
3489,raw,3,1/4,0,0.402643,0.818966,0.416323,0.427448,0.695937,-0.024805,0.123029,0.147833,0.366394,0876
3489,centered,3,1/4,0,0.523892,0.722500,0.198607,0.475305,0.625370,0.048588,0.097130,0.048542,0.545602,0876
3498,raw,6,2/4,1,0.642927,0.805352,0.162425,0.667217,0.779127,-0.024290,0.026225,0.050515,0.528105,5753
3498,centered,6,2/4,1,0.687646,0.793236,0.105589,0.689181,0.788463,-0.001535,0.004772,0.006307,0.657928,5753
3498,raw,3,1/4,0,0.540515,0.836296,0.295781,0.570852,0.775289,-0.030336,0.061007,0.091343,0.423943,5753
3498,centered,3,1/4,0,0.613207,0.781164,0.167957,0.611585,0.755596,0.001622,0.025568,0.023946,0.579810,5753
3499,raw,6,2/4,1,0.533396,0.836715,0.303319,0.482925,0.698217,0.050472,0.138498,0.088027,0.445096,3797
3499,centered,6,2/4,1,0.629725,0.837307,0.207583,0.573832,0.633873,0.055893,0.203435,0.147542,0.632531,3797
3499,raw,3,1/4,0,0.346295,0.858531,0.512236,0.311392,0.712226,0.034903,0.146305,0.111402,0.251672,3797
3499,centered,3,1/4,0,0.501614,0.836055,0.334441,0.443181,0.604593,0.058433,0.231462,0.173030,0.543845,3797
3508,raw,6,2/4,1,0.544549,0.672648,0.128100,0.445646,0.686464,0.098903,-0.013816,-0.112719,0.353708,5990
3508,centered,6,2/4,1,0.624370,0.707974,0.083604,0.570366,0.674992,0.054004,0.032982,-0.021022,0.601428,5990
3508,raw,3,1/4,0,0.393535,0.644979,0.251444,0.226478,0.688132,0.167058,-0.043153,-0.210210,0.126634,5990
3508,centered,3,1/4,0,0.501584,0.670840,0.169256,0.385554,0.627943,0.116029,0.042897,-0.073133,0.498102,5990
3585,raw,6,2/4,1,0.758379,0.868400,0.110021,0.745651,0.823407,0.012727,0.044993,0.032266,0.658439,0844
3585,centered,6,2/4,1,0.751206,0.858055,0.106849,0.726025,0.811342,0.025181,0.046713,0.021532,0.697735,0844
3585,raw,3,1/4,0,0.719389,0.881548,0.162159,0.700415,0.832899,0.018974,0.048649,0.029675,0.615065,0844
3585,centered,3,1/4,0,0.708934,0.847045,0.138111,0.666683,0.792070,0.042252,0.054976,0.012724,0.608177,0844
3597,raw,6,2/4,1,0.749694,0.768590,0.018895,0.634559,0.571621,0.115135,0.196969,0.081833,0.576266,0091
3597,centered,6,2/4,1,0.747334,0.769714,0.022380,0.544316,0.565761,0.203018,0.203953,0.000935,0.677849,0091
3597,raw,3,1/4,0,0.686035,0.771781,0.085746,0.541944,0.527111,0.144091,0.244670,0.100579,0.473615,0091
3597,centered,3,1/4,0,0.698252,0.744393,0.046141,0.395191,0.446592,0.303061,0.297801,-0.005260,0.592329,0091
3605,raw,6,2/4,1,0.557645,0.795831,0.238185,0.497953,0.786485,0.059692,0.009346,-0.050346,0.443946,3714
3605,centered,6,2/4,1,0.646748,0.798973,0.152225,0.614160,0.764187,0.032588,0.034787,0.002199,0.651492,3714
3605,raw,3,1/4,0,0.346750,0.825432,0.478682,0.281140,0.799101,0.065610,0.026331,-0.039279,0.218266,3714
3605,centered,3,1/4,0,0.500121,0.786271,0.286150,0.459066,0.742430,0.041055,0.043841,0.002786,0.528790,3714
3621,raw,6,2/4,1,0.642615,0.824565,0.181949,0.660702,0.635920,-0.018087,0.188644,0.206731,0.525551,0209
3621,centered,6,2/4,1,0.689229,0.820398,0.131169,0.625436,0.647671,0.063793,0.172727,0.108934,0.674123,0209
3621,raw,3,1/4,0,0.537682,0.814843,0.277160,0.605919,0.585951,-0.068237,0.228891,0.297128,0.379263,0209
3621,centered,3,1/4,0,0.611960,0.786444,0.174484,0.538790,0.558020,0.073170,0.228424,0.155254,0.563896,0209
3625,raw,6,2/4,1,0.600558,0.812052,0.211493,0.581653,0.685622,0.018905,0.126430,0.107525,0.466274,4265
3625,centered,6,2/4,1,0.669370,0.803294,0.133924,0.624874,0.659767,0.044496,0.143527,0.099031,0.662084,4265
3625,raw,3,1/4,0,0.504647,0.815653,0.311006,0.497739,0.671084,0.006907,0.144569,0.137662,0.340827,4265
3625,centered,3,1/4,0,0.585464,0.795090,0.209626,0.539470,0.592431,0.045994,0.202660,0.156666,0.569832,4265
3646,raw,6,2/4,1,0.542257,0.728792,0.186535,0.452064,0.678075,0.090193,0.050718,-0.039475,0.384124,5444
3646,centered,6,2/4,1,0.635340,0.737637,0.102297,0.570651,0.600561,0.064690,0.137076,0.072386,0.615335,5444
3646,raw,3,1/4,0,0.355163,0.727541,0.372378,0.206505,0.703106,0.148657,0.024435,-0.124222,0.140571,5444
3646,centered,3,1/4,0,0.511418,0.704430,0.193012,0.382872,0.585361,0.128546,0.119069,-0.009477,0.509316,5444
3679,raw,6,2/4,1,0.806460,0.816266,0.009807,0.751876,0.710280,0.054583,0.105987,0.051403,0.669966,0387
3679,centered,6,2/4,1,0.783739,0.798396,0.014657,0.667230,0.696427,0.116509,0.101969,-0.014540,0.700117,0387
3679,raw,3,1/4,0,0.802242,0.842570,0.040328,0.743232,0.702327,0.059010,0.140242,0.081232,0.662340,0387
3679,centered,3,1/4,0,0.743613,0.786324,0.042711,0.564833,0.649331,0.178780,0.136993,-0.041787,0.622272,0387
3702,raw,6,2/4,1,0.510144,0.758340,0.248196,0.424844,0.683837,0.085300,0.074503,-0.010797,0.385281,5120
3702,centered,6,2/4,1,0.612546,0.767303,0.154758,0.552035,0.623175,0.060511,0.144128,0.083617,0.633705,5120
3702,raw,3,1/4,0,0.320559,0.749847,0.429288,0.210377,0.766235,0.110182,-0.016388,-0.126570,0.150964,5120
3702,centered,3,1/4,0,0.469212,0.728030,0.258818,0.398217,0.645957,0.070995,0.082074,0.011079,0.522615,5120
3706,raw,6,2/4,1,0.664869,0.733621,0.068752,0.526234,0.712909,0.138636,0.020712,-0.117923,0.477292,0524
3706,centered,6,2/4,1,0.690301,0.755827,0.065526,0.578418,0.712599,0.111883,0.043228,-0.068656,0.665403,0524
3706,raw,3,1/4,0,0.552354,0.741076,0.188722,0.382320,0.748959,0.170034,-0.007883,-0.177916,0.346533,0524
3706,centered,3,1/4,0,0.579642,0.730018,0.150376,0.426892,0.683485,0.152750,0.046534,-0.106217,0.585682,0524
3712,raw,6,2/4,1,0.667260,0.789571,0.122311,0.578310,0.812931,0.088950,-0.023360,-0.112310,0.523070,6498
3712,centered,6,2/4,1,0.712472,0.781412,0.068940,0.633376,0.799142,0.079096,-0.017730,-0.096826,0.697201,6498
3712,raw,3,1/4,0,0.591790,0.800320,0.208530,0.465483,0.800837,0.126307,-0.000517,-0.126824,0.417143,6498
3712,centered,3,1/4,0,0.648451,0.756001,0.107550,0.513815,0.754100,0.134636,0.001901,-0.132735,0.610066,6498
3714,raw,6,2/4,1,0.646890,0.831318,0.184428,0.679469,0.683220,-0.032579,0.148098,0.180677,0.517044,6689
3714,centered,6,2/4,1,0.696132,0.827375,0.131243,0.654514,0.695017,0.041618,0.132358,0.090740,0.646632,6689
3714,raw,3,1/4,0,0.525093,0.875936,0.350843,0.554559,0.686442,-0.029466,0.189495,0.218961,0.400743,6689
3714,centered,3,1/4,0,0.625264,0.839949,0.214685,0.541702,0.667025,0.083562,0.172924,0.089361,0.587009,6689
3732,raw,6,2/4,1,0.515061,0.775480,0.260418,0.508080,0.750896,0.006982,0.024584,0.017602,0.400048,5099
3732,centered,6,2/4,1,0.595297,0.788063,0.192766,0.596372,0.744200,-0.001074,0.043863,0.044937,0.607968,5099
3732,raw,3,1/4,0,0.336734,0.772874,0.436141,0.325736,0.750646,0.010998,0.022228,0.011230,0.193381,5099
3732,centered,3,1/4,0,0.460863,0.764519,0.303656,0.460664,0.706312,0.000199,0.058207,0.058008,0.508855,5099
3738,raw,6,2/4,1,0.672129,0.689842,0.017714,0.552052,0.684588,0.120077,0.005254,-0.114822,0.447409,3945
3738,centered,6,2/4,1,0.696559,0.722946,0.026386,0.611351,0.675809,0.085208,0.047137,-0.038072,0.651438,3945
3738,raw,3,1/4,0,0.566497,0.674878,0.108380,0.400990,0.690732,0.165507,-0.015855,-0.181362,0.279347,3945
3738,centered,3,1/4,0,0.609872,0.677123,0.067251,0.487990,0.623814,0.121882,0.053309,-0.068573,0.575531,3945
3797,raw,6,2/4,1,0.557933,0.802842,0.244908,0.475361,0.732113,0.082572,0.070729,-0.011843,0.433042,6076
3797,centered,6,2/4,1,0.652185,0.783237,0.131052,0.571608,0.682321,0.080578,0.100916,0.020338,0.645460,6076
3797,raw,3,1/4,0,0.390512,0.801690,0.411179,0.295364,0.738884,0.095147,0.062806,-0.032341,0.242272,6076
3797,centered,3,1/4,0,0.518568,0.752324,0.233755,0.431908,0.644483,0.086660,0.107841,0.021181,0.527818,6076
3819,raw,6,2/4,1,0.817582,0.826320,0.008739,0.714142,0.728295,0.103440,0.098025,-0.005414,0.675524,0131
3819,centered,6,2/4,1,0.786842,0.824474,0.037632,0.647616,0.711981,0.139225,0.112494,-0.026732,0.710199,0131
3819,raw,3,1/4,0,0.804484,0.859016,0.054532,0.682366,0.728919,0.122118,0.130097,0.007979,0.673623,0131
3819,centered,3,1/4,0,0.749955,0.813831,0.063876,0.535299,0.673048,0.214656,0.140783,-0.073873,0.629609,0131
3831,raw,6,2/4,1,0.675637,0.831146,0.155509,0.723240,0.719676,-0.047603,0.111470,0.159072,0.572342,0328
3831,centered,6,2/4,1,0.707138,0.822281,0.115143,0.696854,0.733894,0.010284,0.088387,0.078102,0.676584,0328
3831,raw,3,1/4,0,0.590151,0.840581,0.250430,0.665851,0.697742,-0.075700,0.142839,0.218539,0.463539,0328
3831,centered,3,1/4,0,0.646099,0.808953,0.162854,0.619681,0.685397,0.026418,0.123556,0.097138,0.585300,0328
3861,raw,6,2/4,1,0.620326,0.805526,0.185200,0.621738,0.737731,-0.001412,0.067795,0.069207,0.487907,5158
3861,centered,6,2/4,1,0.678707,0.811204,0.132497,0.669511,0.737005,0.009196,0.074199,0.065003,0.660694,5158
3861,raw,3,1/4,0,0.502973,0.806388,0.303415,0.519313,0.698934,-0.016341,0.107455,0.123795,0.327061,5158
3861,centered,3,1/4,0,0.596258,0.788508,0.192250,0.594865,0.668479,0.001393,0.120029,0.118636,0.545805,5158
3900,raw,6,2/4,1,0.715063,0.831064,0.116001,0.696051,0.731776,0.019013,0.099288,0.080276,0.583464,5629
3900,centered,6,2/4,1,0.737806,0.827495,0.089689,0.668504,0.743583,0.069302,0.083912,0.014610,0.695998,5629
3900,raw,3,1/4,0,0.656853,0.868868,0.212015,0.624370,0.747979,0.032482,0.120889,0.088407,0.534951,5629
3900,centered,3,1/4,0,0.686625,0.823293,0.136668,0.569093,0.729488,0.117532,0.093805,-0.023727,0.615021,5629
3916,raw,6,2/4,1,0.614208,0.693086,0.078878,0.538232,0.729859,0.075976,-0.036773,-0.112750,0.401332,2708
3916,centered,6,2/4,1,0.662943,0.713811,0.050868,0.613896,0.739951,0.049047,-0.026140,-0.075187,0.639140,2708
3916,raw,3,1/4,0,0.470367,0.619208,0.148841,0.348122,0.674406,0.122245,-0.055198,-0.177442,0.146772,2708
3916,centered,3,1/4,0,0.545536,0.614518,0.068981,0.441540,0.673298,0.103997,-0.058780,-0.162777,0.501375,2708
3945,raw,6,2/4,1,0.601768,0.751464,0.149696,0.493811,0.637804,0.107956,0.113660,0.005703,0.417013,5458
3945,centered,6,2/4,1,0.667610,0.773539,0.105930,0.557929,0.599123,0.109681,0.174416,0.064735,0.645894,5458
3945,raw,3,1/4,0,0.436228,0.773246,0.337018,0.315536,0.646826,0.120691,0.126419,0.005728,0.219866,5458
3945,centered,3,1/4,0,0.541628,0.758667,0.217038,0.395025,0.543043,0.146603,0.215624,0.069020,0.539158,5458
3947,raw,6,2/4,1,0.618941,0.679969,0.061028,0.491434,0.654070,0.127507,0.025899,-0.101608,0.419653,2952
3947,centered,6,2/4,1,0.671716,0.699062,0.027346,0.572584,0.639053,0.099132,0.060009,-0.039123,0.621440,2952
3947,raw,3,1/4,0,0.495922,0.699517,0.203595,0.308196,0.677694,0.187726,0.021823,-0.165902,0.253781,2952
3947,centered,3,1/4,0,0.575533,0.676938,0.101405,0.395134,0.575913,0.180399,0.101025,-0.079374,0.534317,2952
3963,raw,6,2/4,1,0.629567,0.768050,0.138483,0.547252,0.765409,0.082315,0.002641,-0.079674,0.455061,0217
3963,centered,6,2/4,1,0.703727,0.768230,0.064503,0.624382,0.750527,0.079345,0.017703,-0.061642,0.672418,0217
3963,raw,3,1/4,0,0.512949,0.766534,0.253585,0.367851,0.777394,0.145098,-0.010860,-0.155958,0.291500,0217
3963,centered,3,1/4,0,0.616851,0.716648,0.099797,0.466763,0.710021,0.150088,0.006627,-0.143461,0.565802,0217
4018,raw,6,2/4,1,0.517401,0.760209,0.242809,0.618672,0.649469,-0.101272,0.110740,0.212012,0.432292,4872
4018,centered,6,2/4,1,0.602101,0.740991,0.138889,0.637732,0.673834,-0.035631,0.067157,0.102787,0.620610,4872
4018,raw,3,1/4,0,0.350703,0.803462,0.452760,0.505075,0.628535,-0.154372,0.174927,0.329299,0.299324,4872
4018,centered,3,1/4,0,0.482321,0.725416,0.243096,0.523936,0.630232,-0.041616,0.095184,0.136800,0.540091,4872
4027,raw,6,2/4,1,0.757437,0.792744,0.035307,0.689668,0.792555,0.067769,0.000189,-0.067580,0.590948,3621
4027,centered,6,2/4,1,0.752552,0.793965,0.041413,0.692634,0.787304,0.059918,0.006662,-0.053256,0.692747,3621
4027,raw,3,1/4,0,0.726884,0.786815,0.059930,0.626408,0.784924,0.100477,0.001891,-0.098586,0.530058,3621
4027,centered,3,1/4,0,0.705303,0.760607,0.055305,0.614397,0.766297,0.090906,-0.005690,-0.096596,0.611004,3621
4068,raw,6,2/4,1,0.590509,0.764418,0.173909,0.574686,0.751060,0.015823,0.013359,-0.002464,0.447991,6360
4068,centered,6,2/4,1,0.660987,0.766909,0.105922,0.635272,0.748738,0.025715,0.018172,-0.007543,0.661268,6360
4068,raw,3,1/4,0,0.407952,0.750014,0.342063,0.387968,0.751198,0.019984,-0.001184,-0.021168,0.208732,6360
4068,centered,3,1/4,0,0.536909,0.716451,0.179542,0.516759,0.706265,0.020149,0.010185,-0.009964,0.525248,6360
4104,raw,6,2/4,1,0.709751,0.845323,0.135571,0.674391,0.707579,0.035360,0.137743,0.102383,0.595656,0406
4104,centered,6,2/4,1,0.730857,0.843459,0.112602,0.638416,0.693620,0.092441,0.149839,0.057398,0.683376,0406
4104,raw,3,1/4,0,0.644034,0.857859,0.213826,0.616384,0.700564,0.027650,0.157295,0.129645,0.518231,0406
4104,centered,3,1/4,0,0.677424,0.821827,0.144403,0.543655,0.642888,0.133769,0.178939,0.045170,0.590568,0406
4116,raw,6,2/4,1,0.701724,0.793404,0.091679,0.701307,0.771933,0.000417,0.021471,0.021053,0.572658,0251
4116,centered,6,2/4,1,0.709988,0.788500,0.078512,0.688724,0.774938,0.021264,0.013562,-0.007703,0.652177,0251
4116,raw,3,1/4,0,0.589411,0.805791,0.216380,0.612977,0.765914,-0.023566,0.039878,0.063444,0.476866,0251
4116,centered,3,1/4,0,0.623258,0.770025,0.146767,0.602583,0.741156,0.020675,0.028869,0.008194,0.576128,0251
4132,raw,6,2/4,1,0.579086,0.708223,0.129137,0.499253,0.746156,0.079833,-0.037933,-0.117767,0.425469,2090
4132,centered,6,2/4,1,0.646156,0.723445,0.077288,0.607269,0.729485,0.038887,-0.006040,-0.044927,0.612936,2090
4132,raw,3,1/4,0,0.447446,0.643518,0.196072,0.281120,0.712006,0.166325,-0.068489,-0.234814,0.211580,2090
4132,centered,3,1/4,0,0.546037,0.663887,0.117850,0.439159,0.682392,0.106878,-0.018506,-0.125383,0.508076,2090
4151,raw,6,2/4,1,0.634600,0.797937,0.163337,0.590625,0.790655,0.043975,0.007282,-0.036693,0.487543,5230
4151,centered,6,2/4,1,0.687133,0.801259,0.114126,0.648566,0.794974,0.038567,0.006285,-0.032282,0.659912,5230
4151,raw,3,1/4,0,0.510849,0.784515,0.273665,0.443725,0.807999,0.067125,-0.023484,-0.090609,0.326778,5230
4151,centered,3,1/4,0,0.596273,0.771505,0.175232,0.535957,0.800511,0.060316,-0.029006,-0.089322,0.555528,5230
4158,raw,6,2/4,1,0.574257,0.716336,0.142079,0.461313,0.753492,0.112943,-0.037156,-0.150100,0.395301,0774
4158,centered,6,2/4,1,0.648638,0.734590,0.085952,0.578105,0.738228,0.070533,-0.003638,-0.074171,0.624688,0774
4158,raw,3,1/4,0,0.398928,0.681229,0.282301,0.242189,0.750039,0.156739,-0.068810,-0.225549,0.157425,0774
4158,centered,3,1/4,0,0.526713,0.679048,0.152335,0.405162,0.693825,0.121551,-0.014777,-0.136328,0.510826,0774
4211,raw,6,2/4,1,0.704150,0.793371,0.089221,0.657636,0.607033,0.046515,0.186338,0.139823,0.551986,4467
4211,centered,6,2/4,1,0.733221,0.795256,0.062035,0.599648,0.619310,0.133572,0.175946,0.042373,0.692833,4467
4211,raw,3,1/4,0,0.647955,0.813781,0.165826,0.594044,0.584013,0.053911,0.229768,0.175858,0.482174,4467
4211,centered,3,1/4,0,0.676838,0.769017,0.092179,0.458334,0.567625,0.218504,0.201392,-0.017112,0.602902,4467
4243,raw,6,2/4,1,0.658104,0.855370,0.197266,0.634396,0.669803,0.023707,0.185567,0.161859,0.558019,5373
4243,centered,6,2/4,1,0.706731,0.840965,0.134233,0.608012,0.649683,0.098719,0.191281,0.092562,0.684483,5373
4243,raw,3,1/4,0,0.590013,0.877980,0.287968,0.579438,0.649179,0.010575,0.228801,0.218226,0.496953,5373
4243,centered,3,1/4,0,0.652513,0.829937,0.177425,0.503674,0.592311,0.148838,0.237626,0.088788,0.603609,5373
4259,raw,6,2/4,1,0.587837,0.769072,0.181235,0.503137,0.730586,0.084700,0.038486,-0.046213,0.448069,0959
4259,centered,6,2/4,1,0.653009,0.776403,0.123394,0.573766,0.702571,0.079244,0.073832,-0.005411,0.622886,0959
4259,raw,3,1/4,0,0.456417,0.817232,0.360815,0.360020,0.739030,0.096397,0.078202,-0.018194,0.306781,0959
4259,centered,3,1/4,0,0.546347,0.777101,0.230754,0.447829,0.635088,0.098518,0.142014,0.043496,0.533321,0959
4262,raw,6,2/4,1,0.699287,0.726270,0.026984,0.590483,0.756047,0.108804,-0.029777,-0.138581,0.495363,6179
4262,centered,6,2/4,1,0.710063,0.746185,0.036122,0.625910,0.766192,0.084153,-0.020008,-0.104161,0.677967,6179
4262,raw,3,1/4,0,0.610347,0.720825,0.110477,0.449076,0.761843,0.161271,-0.041018,-0.202289,0.344592,6179
4262,centered,3,1/4,0,0.634450,0.699309,0.064858,0.494992,0.733810,0.139458,-0.034502,-0.173960,0.582519,6179
4265,raw,6,2/4,1,0.568094,0.771708,0.203614,0.533772,0.728165,0.034322,0.043543,0.009221,0.414594,4377
4265,centered,6,2/4,1,0.658447,0.792518,0.134071,0.612716,0.736669,0.045731,0.055849,0.010119,0.646644,4377
4265,raw,3,1/4,0,0.377289,0.788880,0.411591,0.356615,0.726393,0.020674,0.062487,0.041813,0.192697,4377
4265,centered,3,1/4,0,0.513997,0.759940,0.245943,0.468362,0.685174,0.045636,0.074766,0.029130,0.531860,4377
4267,raw,6,2/4,1,0.558306,0.714584,0.156278,0.500124,0.709860,0.058182,0.004724,-0.053458,0.373128,1235
4267,centered,6,2/4,1,0.637429,0.736796,0.099367,0.595698,0.717268,0.041731,0.019528,-0.022203,0.620474,1235
4267,raw,3,1/4,0,0.355250,0.699443,0.344193,0.311149,0.712862,0.044101,-0.013419,-0.057519,0.127527,1235
4267,centered,3,1/4,0,0.478017,0.680957,0.202940,0.446070,0.678769,0.031947,0.002188,-0.029759,0.492221,1235
4291,raw,6,2/4,1,0.719313,0.843335,0.124022,0.630642,0.631335,0.088671,0.212000,0.123329,0.634066,3738
4291,centered,6,2/4,1,0.735960,0.822114,0.086154,0.535401,0.633655,0.200559,0.188459,-0.012100,0.677870,3738
4291,raw,3,1/4,0,0.619104,0.848773,0.229670,0.557610,0.593197,0.061494,0.255576,0.194083,0.540269,3738
4291,centered,3,1/4,0,0.652666,0.806269,0.153603,0.397191,0.556449,0.255475,0.249820,-0.005655,0.591674,3738
4292,raw,6,2/4,1,0.687878,0.782282,0.094405,0.621684,0.779474,0.066193,0.002808,-0.063385,0.543733,0085
4292,centered,6,2/4,1,0.703820,0.784806,0.080986,0.648400,0.762259,0.055420,0.022547,-0.032873,0.674988,0085
4292,raw,3,1/4,0,0.598744,0.769099,0.170355,0.512146,0.769352,0.086599,-0.000253,-0.086851,0.406510,0085
4292,centered,3,1/4,0,0.633268,0.740564,0.107296,0.555961,0.730339,0.077307,0.010225,-0.067082,0.567158,0085
4297,raw,6,2/4,1,0.706759,0.817575,0.110816,0.665396,0.791221,0.041364,0.026355,-0.015009,0.585822,1051
4297,centered,6,2/4,1,0.717794,0.814885,0.097091,0.679742,0.765633,0.038052,0.049251,0.011200,0.665861,1051
4297,raw,3,1/4,0,0.683578,0.816705,0.133127,0.603357,0.799035,0.080222,0.017670,-0.062551,0.539031,1051
4297,centered,3,1/4,0,0.688551,0.785558,0.097007,0.616742,0.745615,0.071808,0.039943,-0.031865,0.593291,1051
4301,raw,6,2/4,1,0.654902,0.765175,0.110272,0.594648,0.801556,0.060254,-0.036381,-0.096635,0.502533,6515
4301,centered,6,2/4,1,0.694075,0.760276,0.066201,0.655777,0.783031,0.038299,-0.022755,-0.061054,0.674610,6515
4301,raw,3,1/4,0,0.551214,0.758854,0.207639,0.465448,0.817211,0.085766,-0.058357,-0.144124,0.355342,6515
4301,centered,3,1/4,0,0.607072,0.711446,0.104374,0.556656,0.759460,0.050416,-0.048015,-0.098431,0.565428,6515
4316,raw,6,2/4,1,0.717718,0.825803,0.108085,0.715325,0.797055,0.002393,0.028748,0.026355,0.588483,1539
4316,centered,6,2/4,1,0.736065,0.823708,0.087643,0.712940,0.790861,0.023125,0.032847,0.009722,0.689238,1539
4316,raw,3,1/4,0,0.664352,0.866526,0.202175,0.662488,0.818844,0.001864,0.047682,0.045818,0.551288,1539
4316,centered,3,1/4,0,0.693259,0.828738,0.135479,0.651083,0.778609,0.042176,0.050129,0.007953,0.622434,1539
4327,raw,6,2/4,1,0.739888,0.806588,0.066700,0.672678,0.793829,0.067210,0.012759,-0.054451,0.607025,6279
4327,centered,6,2/4,1,0.746144,0.814837,0.068693,0.692320,0.776605,0.053824,0.038231,-0.015593,0.678118,6279
4327,raw,3,1/4,0,0.664384,0.824838,0.160454,0.605376,0.820314,0.059009,0.004524,-0.054485,0.531161,6279
4327,centered,3,1/4,0,0.679199,0.815995,0.136796,0.647396,0.776877,0.031803,0.039118,0.007315,0.601765,6279
4354,raw,6,2/4,1,0.676233,0.827093,0.150861,0.635639,0.774637,0.040593,0.052456,0.011863,0.563399,4725
4354,centered,6,2/4,1,0.716454,0.810887,0.094433,0.666329,0.748415,0.050125,0.062472,0.012347,0.680890,4725
4354,raw,3,1/4,0,0.640544,0.849521,0.208977,0.581539,0.796276,0.059005,0.053245,-0.005760,0.514535,4725
4354,centered,3,1/4,0,0.681623,0.789732,0.108109,0.587664,0.731196,0.093958,0.058536,-0.035423,0.601958,4725
4374,raw,6,2/4,1,0.586943,0.712193,0.125250,0.525360,0.691078,0.061583,0.021115,-0.040468,0.403467,5878
4374,centered,6,2/4,1,0.657307,0.731913,0.074606,0.599811,0.694672,0.057496,0.037241,-0.020255,0.623162,5878
4374,raw,3,1/4,0,0.433222,0.736555,0.303333,0.333423,0.713325,0.099799,0.023230,-0.076569,0.227705,5878
4374,centered,3,1/4,0,0.544114,0.714453,0.170338,0.436064,0.677673,0.108051,0.036780,-0.071271,0.531864,5878
4377,raw,6,2/4,1,0.648178,0.759923,0.111745,0.531806,0.722868,0.116372,0.037055,-0.079317,0.474687,0519
4377,centered,6,2/4,1,0.693890,0.778356,0.084466,0.601144,0.698999,0.092746,0.079358,-0.013388,0.656411,0519
4377,raw,3,1/4,0,0.532807,0.772656,0.239848,0.368339,0.738229,0.164468,0.034427,-0.130041,0.322442,0519
4377,centered,3,1/4,0,0.594794,0.758146,0.163352,0.451290,0.634571,0.143504,0.123575,-0.019929,0.567343,0519
4387,raw,6,2/4,1,0.698140,0.821912,0.123772,0.656920,0.802338,0.041220,0.019574,-0.021646,0.561692,3151
4387,centered,6,2/4,1,0.727654,0.816666,0.089013,0.666404,0.801946,0.061250,0.014720,-0.046530,0.693602,3151
4387,raw,3,1/4,0,0.642500,0.850986,0.208485,0.583894,0.814400,0.058606,0.036586,-0.022020,0.500740,3151
4387,centered,3,1/4,0,0.679764,0.806376,0.126612,0.582586,0.795089,0.097179,0.011288,-0.085891,0.608536,3151
4415,raw,6,2/4,1,0.697220,0.832576,0.135356,0.699161,0.758364,-0.001941,0.074212,0.076153,0.576705,1501
4415,centered,6,2/4,1,0.725221,0.824275,0.099053,0.691412,0.761049,0.033810,0.063225,0.029415,0.685051,1501
4415,raw,3,1/4,0,0.631052,0.862268,0.231216,0.608516,0.791341,0.022535,0.070927,0.048391,0.507881,1501
4415,centered,3,1/4,0,0.675624,0.816854,0.141231,0.611003,0.752976,0.064621,0.063878,-0.000743,0.608704,1501
4435,raw,6,2/4,1,0.773042,0.761363,-0.011679,0.739489,0.756720,0.033553,0.004643,-0.028910,0.588954,0378
4435,centered,6,2/4,1,0.740475,0.771721,0.031246,0.728693,0.751353,0.011782,0.020368,0.008586,0.680221,0378
4435,raw,3,1/4,0,0.715961,0.732995,0.017034,0.657227,0.723259,0.058734,0.009736,-0.048998,0.479618,0378
4435,centered,3,1/4,0,0.669999,0.715652,0.045653,0.638372,0.694071,0.031627,0.021581,-0.010045,0.575025,0378
4466,raw,6,2/4,1,0.739248,0.802339,0.063092,0.716423,0.767355,0.022825,0.034985,0.012160,0.617628,1774
4466,centered,6,2/4,1,0.736418,0.803866,0.067448,0.708920,0.762361,0.027498,0.041506,0.014007,0.672666,1774
4466,raw,3,1/4,0,0.671902,0.803538,0.131635,0.638624,0.757967,0.033279,0.045571,0.012292,0.516803,1774
4466,centered,3,1/4,0,0.677279,0.787095,0.109817,0.650168,0.707633,0.027111,0.079462,0.052351,0.582612,1774
4467,raw,6,2/4,1,0.493435,0.689039,0.195604,0.441863,0.725090,0.051572,-0.036051,-0.087623,0.315314,4151
4467,centered,6,2/4,1,0.567105,0.715204,0.148099,0.559124,0.696307,0.007981,0.018898,0.010916,0.550309,4151
4467,raw,3,1/4,0,0.374690,0.658523,0.283833,0.264787,0.701936,0.109903,-0.043413,-0.153316,0.130518,4151
4467,centered,3,1/4,0,0.473693,0.669002,0.195308,0.418359,0.638349,0.055335,0.030653,-0.024682,0.482199,4151
4480,raw,6,2/4,1,0.540388,0.830350,0.289962,0.490480,0.749983,0.049908,0.080367,0.030458,0.425381,5198
4480,centered,6,2/4,1,0.646425,0.841338,0.194913,0.584406,0.728606,0.062019,0.112732,0.050713,0.649902,5198
4480,raw,3,1/4,0,0.309491,0.871542,0.562051,0.260665,0.758908,0.048826,0.112634,0.063808,0.194737,5198
4480,centered,3,1/4,0,0.477255,0.851504,0.374249,0.411029,0.703385,0.066226,0.148118,0.081892,0.540879,5198
4502,raw,6,2/4,1,0.652667,0.824322,0.171654,0.587776,0.857396,0.064891,-0.033074,-0.097965,0.527160,3361
4502,centered,6,2/4,1,0.693011,0.818568,0.125557,0.653517,0.837215,0.039493,-0.018647,-0.058141,0.648155,3361
4502,raw,3,1/4,0,0.571203,0.841321,0.270119,0.477401,0.876722,0.093802,-0.035401,-0.129203,0.438895,3361
4502,centered,3,1/4,0,0.623180,0.819979,0.196799,0.565229,0.818334,0.057950,0.001645,-0.056306,0.565934,3361
4546,raw,6,2/4,1,0.777175,0.814903,0.037729,0.696611,0.718629,0.080564,0.096275,0.015711,0.637666,6325
4546,centered,6,2/4,1,0.763902,0.809023,0.045121,0.647121,0.713519,0.116781,0.095504,-0.021277,0.698684,6325
4546,raw,3,1/4,0,0.771252,0.819842,0.048590,0.664630,0.721426,0.106622,0.098416,-0.008205,0.612328,6325
4546,centered,3,1/4,0,0.731457,0.782386,0.050928,0.567853,0.664032,0.163604,0.118354,-0.045250,0.634351,6325
4555,raw,6,2/4,1,0.594494,0.854010,0.259516,0.599008,0.704159,-0.004515,0.149851,0.154366,0.496825,2448
4555,centered,6,2/4,1,0.661654,0.845224,0.183569,0.618190,0.689428,0.043464,0.155796,0.112332,0.651283,2448
4555,raw,3,1/4,0,0.443828,0.851787,0.407959,0.480186,0.686162,-0.036357,0.165625,0.201983,0.329741,2448
4555,centered,3,1/4,0,0.540064,0.831310,0.291246,0.524624,0.639204,0.015439,0.192106,0.176667,0.547711,2448
4568,raw,6,2/4,1,0.747470,0.811615,0.064145,0.635204,0.626773,0.112266,0.184842,0.072576,0.595280,2179
4568,centered,6,2/4,1,0.752943,0.801061,0.048118,0.565883,0.609785,0.187059,0.191276,0.004216,0.689703,2179
4568,raw,3,1/4,0,0.709369,0.814235,0.104866,0.567281,0.590629,0.142087,0.223606,0.081519,0.522554,2179
4568,centered,3,1/4,0,0.708660,0.778599,0.069939,0.431480,0.521211,0.277180,0.257388,-0.019792,0.593608,2179
4589,raw,6,2/4,1,0.530609,0.784661,0.254052,0.503536,0.787186,0.027073,-0.002525,-0.029597,0.426274,4965
4589,centered,6,2/4,1,0.633831,0.786398,0.152568,0.610573,0.765495,0.023258,0.020904,-0.002354,0.639475,4965
4589,raw,3,1/4,0,0.340504,0.822760,0.482255,0.307226,0.790177,0.033279,0.032583,-0.000696,0.247039,4965
4589,centered,3,1/4,0,0.494933,0.767350,0.272417,0.455741,0.726078,0.039192,0.041272,0.002080,0.549583,4965
4658,raw,6,2/4,1,0.555817,0.709743,0.153926,0.554651,0.620021,0.001165,0.089722,0.088557,0.378721,6139
4658,centered,6,2/4,1,0.638152,0.726780,0.088627,0.596912,0.633886,0.041240,0.092893,0.051653,0.622369,6139
4658,raw,3,1/4,0,0.388824,0.725281,0.336457,0.415008,0.601080,-0.026184,0.124201,0.150385,0.178970,6139
4658,centered,3,1/4,0,0.510877,0.697137,0.186259,0.472899,0.556904,0.037978,0.140232,0.102254,0.506544,6139
4697,raw,6,2/4,1,0.526402,0.831714,0.305312,0.498583,0.805111,0.027820,0.026603,-0.001217,0.425463,2079
4697,centered,6,2/4,1,0.631091,0.818228,0.187137,0.605275,0.776168,0.025816,0.042060,0.016244,0.620615,2079
4697,raw,3,1/4,0,0.346525,0.811839,0.465315,0.327355,0.786093,0.019170,0.025746,0.006577,0.234581,2079
4697,centered,3,1/4,0,0.501995,0.782977,0.280982,0.480344,0.735312,0.021651,0.047666,0.026014,0.507211,2079
4702,raw,6,2/4,1,0.617067,0.810328,0.193261,0.569433,0.783852,0.047634,0.026475,-0.021158,0.499633,4291
4702,centered,6,2/4,1,0.682286,0.807977,0.125690,0.628320,0.755011,0.053967,0.052966,-0.001001,0.675440,4291
4702,raw,3,1/4,0,0.500830,0.845251,0.344421,0.433932,0.800816,0.066898,0.044435,-0.022463,0.385537,4291
4702,centered,3,1/4,0,0.595528,0.798781,0.203254,0.508785,0.729534,0.086742,0.069247,-0.017495,0.582311,4291
4725,raw,6,2/4,1,0.753601,0.767591,0.013991,0.736495,0.762558,0.017105,0.005033,-0.012072,0.639474,3017
4725,centered,6,2/4,1,0.744540,0.743344,-0.001196,0.699948,0.758190,0.044592,-0.014846,-0.059438,0.646548,3017
4725,raw,3,1/4,0,0.705135,0.814829,0.109694,0.692330,0.784439,0.012805,0.030390,0.017585,0.627476,3017
4725,centered,3,1/4,0,0.687452,0.745214,0.057762,0.645989,0.737185,0.041462,0.008029,-0.033433,0.590420,3017
4733,raw,6,2/4,1,0.702655,0.803382,0.100727,0.672361,0.795294,0.030294,0.008088,-0.022206,0.569452,3499
4733,centered,6,2/4,1,0.722915,0.789402,0.066488,0.680676,0.782921,0.042238,0.006481,-0.035757,0.648946,3499
4733,raw,3,1/4,0,0.638727,0.825132,0.186405,0.604566,0.807055,0.034162,0.018078,-0.016084,0.499604,3499
4733,centered,3,1/4,0,0.666178,0.777620,0.111442,0.605201,0.773846,0.060977,0.003774,-0.057203,0.564327,3499
4740,raw,6,2/4,1,0.680569,0.699803,0.019234,0.555834,0.766476,0.124735,-0.066673,-0.191408,0.458401,5906
4740,centered,6,2/4,1,0.698606,0.735085,0.036479,0.627143,0.758950,0.071464,-0.023865,-0.095328,0.663211,5906
4740,raw,3,1/4,0,0.544880,0.677354,0.132474,0.377123,0.755541,0.167757,-0.078187,-0.245944,0.257611,5906
4740,centered,3,1/4,0,0.600557,0.673818,0.073261,0.487566,0.725131,0.112991,-0.051313,-0.164304,0.546199,5906
4787,raw,6,2/4,1,0.624163,0.766070,0.141907,0.552274,0.740218,0.071889,0.025852,-0.046038,0.453613,5719
4787,centered,6,2/4,1,0.682058,0.777156,0.095098,0.612185,0.737138,0.069873,0.040018,-0.029855,0.654019,5719
4787,raw,3,1/4,0,0.454481,0.762603,0.308122,0.362644,0.724013,0.091836,0.038590,-0.053247,0.244799,5719
4787,centered,3,1/4,0,0.565174,0.745253,0.180079,0.470151,0.689897,0.095022,0.055356,-0.039667,0.543182,5719
4823,raw,6,2/4,1,0.540687,0.829911,0.289223,0.451973,0.706513,0.088714,0.123398,0.034684,0.429212,4354
4823,centered,6,2/4,1,0.644656,0.831129,0.186474,0.544147,0.640167,0.100509,0.190962,0.090453,0.658796,4354
4823,raw,3,1/4,0,0.323431,0.849811,0.526380,0.222177,0.734388,0.101254,0.115423,0.014170,0.192505,4354
4823,centered,3,1/4,0,0.481667,0.814601,0.332933,0.365678,0.613133,0.115989,0.201468,0.085479,0.528152,4354
4826,raw,6,2/4,1,0.630978,0.824264,0.193285,0.545308,0.706969,0.085671,0.117294,0.031624,0.523032,1008
4826,centered,6,2/4,1,0.680509,0.819000,0.138491,0.587704,0.660849,0.092805,0.158151,0.065346,0.666385,1008
4826,raw,3,1/4,0,0.514380,0.835070,0.320690,0.430937,0.731077,0.083443,0.103993,0.020550,0.382754,1008
4826,centered,3,1/4,0,0.602985,0.828780,0.225795,0.493491,0.637718,0.109494,0.191061,0.081568,0.580725,1008
4872,raw,6,2/4,1,0.670821,0.698323,0.027502,0.550273,0.769987,0.120548,-0.071664,-0.192212,0.454514,6701
4872,centered,6,2/4,1,0.691133,0.720754,0.029621,0.640619,0.742157,0.050514,-0.021403,-0.071918,0.653658,6701
4872,raw,3,1/4,0,0.555163,0.643901,0.088739,0.353849,0.767856,0.201313,-0.123955,-0.325269,0.247464,6701
4872,centered,3,1/4,0,0.597103,0.639535,0.042431,0.508431,0.704745,0.088673,-0.065210,-0.153883,0.532848,6701
4940,raw,6,2/4,1,0.720470,0.845666,0.125195,0.713989,0.766484,0.006481,0.079182,0.072701,0.584743,6709
4940,centered,6,2/4,1,0.739005,0.842074,0.103070,0.697502,0.767602,0.041503,0.074472,0.032970,0.693124,6709
4940,raw,3,1/4,0,0.671728,0.866876,0.195148,0.687119,0.764918,-0.015391,0.101959,0.117349,0.543465,6709
4940,centered,3,1/4,0,0.690089,0.829844,0.139755,0.628437,0.747620,0.061652,0.082224,0.020572,0.613980,6709
4965,raw,6,2/4,1,0.793861,0.838165,0.044305,0.693914,0.713545,0.099947,0.124620,0.024673,0.679821,1244
4965,centered,6,2/4,1,0.763951,0.828122,0.064171,0.602623,0.695226,0.161328,0.132897,-0.028431,0.668047,1244
4965,raw,3,1/4,0,0.757017,0.838284,0.081267,0.632858,0.710497,0.124159,0.127786,0.003627,0.627523,1244
4965,centered,3,1/4,0,0.724691,0.825819,0.101128,0.507633,0.644582,0.217058,0.181237,-0.035821,0.602065,1244
5057,raw,6,2/4,1,0.647279,0.837519,0.190240,0.580223,0.706849,0.067056,0.130670,0.063614,0.531887,2666
5057,centered,6,2/4,1,0.694803,0.838921,0.144119,0.614220,0.683098,0.080582,0.155823,0.075241,0.677079,2666
5057,raw,3,1/4,0,0.532729,0.842898,0.310169,0.506132,0.725431,0.026596,0.117467,0.090871,0.398327,2666
5057,centered,3,1/4,0,0.616315,0.821309,0.204994,0.549650,0.650186,0.066665,0.171123,0.104458,0.584758,2666
5060,raw,6,2/4,1,0.629020,0.810276,0.181255,0.590559,0.698907,0.038461,0.111369,0.072908,0.491959,3646
5060,centered,6,2/4,1,0.684670,0.807713,0.123043,0.610613,0.703387,0.074056,0.104325,0.030269,0.647893,3646
5060,raw,3,1/4,0,0.491843,0.824406,0.332563,0.467662,0.694170,0.024181,0.130236,0.106055,0.337415,3646
5060,centered,3,1/4,0,0.588085,0.786624,0.198539,0.504356,0.648055,0.083729,0.138569,0.054840,0.566201,3646
5099,raw,6,2/4,1,0.550773,0.800488,0.249716,0.526044,0.740316,0.024729,0.060172,0.035443,0.417364,4301
5099,centered,6,2/4,1,0.642590,0.810367,0.167777,0.612398,0.730922,0.030192,0.079445,0.049253,0.640199,4301
5099,raw,3,1/4,0,0.351776,0.822711,0.470935,0.324476,0.733492,0.027300,0.089218,0.061918,0.203600,4301
5099,centered,3,1/4,0,0.501922,0.802997,0.301075,0.453843,0.688987,0.048079,0.114009,0.065931,0.537038,4301
5120,raw,6,2/4,1,0.489874,0.848269,0.358395,0.466011,0.680089,0.023862,0.168180,0.144318,0.395552,1977
5120,centered,6,2/4,1,0.619135,0.848617,0.229482,0.553407,0.639457,0.065727,0.209160,0.143433,0.635602,1977
5120,raw,3,1/4,0,0.252076,0.887740,0.635664,0.243411,0.697219,0.008665,0.190521,0.181856,0.159724,1977
5120,centered,3,1/4,0,0.440469,0.855121,0.414651,0.366924,0.614385,0.073546,0.240735,0.167190,0.515659,1977
5158,raw,6,2/4,1,0.603454,0.771110,0.167656,0.614231,0.652448,-0.010777,0.118661,0.129438,0.457787,3508
5158,centered,6,2/4,1,0.662448,0.771150,0.108702,0.619576,0.671377,0.042872,0.099773,0.056901,0.639684,3508
5158,raw,3,1/4,0,0.488304,0.762387,0.274083,0.527905,0.590488,-0.039601,0.171899,0.211499,0.294617,3508
5158,centered,3,1/4,0,0.566618,0.736651,0.170033,0.514424,0.599756,0.052194,0.136895,0.084701,0.540247,3508
5163,raw,6,2/4,1,0.740505,0.754187,0.013682,0.618954,0.775521,0.121551,-0.021334,-0.142885,0.571177,2734
5163,centered,6,2/4,1,0.739668,0.757470,0.017801,0.646233,0.744155,0.093436,0.013315,-0.080121,0.678104,2734
5163,raw,3,1/4,0,0.686531,0.708240,0.021709,0.523466,0.761034,0.163065,-0.052794,-0.215859,0.457532,2734
5163,centered,3,1/4,0,0.682681,0.686421,0.003741,0.562393,0.696549,0.120287,-0.010128,-0.130415,0.578466,2734
5174,raw,6,2/4,1,0.656087,0.769882,0.113795,0.596607,0.724231,0.059480,0.045651,-0.013828,0.500437,4292
5174,centered,6,2/4,1,0.693564,0.790920,0.097356,0.632866,0.730645,0.060699,0.060275,-0.000424,0.658578,4292
5174,raw,3,1/4,0,0.500682,0.790044,0.289361,0.425392,0.726059,0.075290,0.063985,-0.011306,0.320628,4292
5174,centered,3,1/4,0,0.604189,0.778643,0.174454,0.501502,0.698567,0.102687,0.080075,-0.022612,0.576098,4292
5193,raw,6,2/4,1,0.547422,0.779068,0.231646,0.613343,0.667854,-0.065921,0.111214,0.177136,0.414296,4740
5193,centered,6,2/4,1,0.644611,0.787328,0.142717,0.651266,0.693911,-0.006655,0.093417,0.100073,0.646080,4740
5193,raw,3,1/4,0,0.339005,0.782334,0.443329,0.422297,0.635424,-0.083292,0.146910,0.230202,0.171964,4740
5193,centered,3,1/4,0,0.487597,0.773312,0.285715,0.510685,0.634763,-0.023088,0.138548,0.161636,0.507575,4740
5198,raw,6,2/4,1,0.584288,0.834287,0.249999,0.564249,0.817545,0.020039,0.016742,-0.003296,0.494720,3625
5198,centered,6,2/4,1,0.637912,0.834622,0.196710,0.618090,0.807959,0.019822,0.026662,0.006840,0.622597,3625
5198,raw,3,1/4,0,0.460285,0.839361,0.379076,0.450984,0.814237,0.009301,0.025125,0.015824,0.357502,3625
5198,centered,3,1/4,0,0.546257,0.830634,0.284377,0.532119,0.801808,0.014138,0.028826,0.014688,0.557418,3625
5219,raw,6,2/4,1,0.564970,0.791153,0.226183,0.630725,0.609651,-0.065755,0.181502,0.247257,0.451000,5706
5219,centered,6,2/4,1,0.622565,0.800191,0.177625,0.603445,0.627814,0.019120,0.172376,0.153256,0.624104,5706
5219,raw,3,1/4,0,0.430374,0.789075,0.358701,0.539201,0.516505,-0.108828,0.272570,0.381398,0.267521,5706
5219,centered,3,1/4,0,0.528044,0.784614,0.256570,0.488948,0.504638,0.039096,0.279976,0.240880,0.531936,5706
5225,raw,6,2/4,1,0.603424,0.726487,0.123063,0.471249,0.640862,0.132175,0.085625,-0.046550,0.427844,6725
5225,centered,6,2/4,1,0.667518,0.756528,0.089009,0.566027,0.593823,0.101491,0.162705,0.061213,0.628272,6725
5225,raw,3,1/4,0,0.446760,0.743778,0.297018,0.244728,0.661944,0.202032,0.081834,-0.120198,0.238313,6725
5225,centered,3,1/4,0,0.550081,0.751542,0.201461,0.381847,0.532091,0.168234,0.219451,0.051217,0.547650,6725
5230,raw,6,2/4,1,0.751897,0.815532,0.063635,0.657503,0.768652,0.094394,0.046879,-0.047514,0.621091,6742
5230,centered,6,2/4,1,0.744889,0.817436,0.072548,0.653645,0.733292,0.091243,0.084144,-0.007099,0.667362,6742
5230,raw,3,1/4,0,0.688375,0.804677,0.116301,0.586181,0.756123,0.102194,0.048553,-0.053641,0.532050,6742
5230,centered,3,1/4,0,0.691843,0.796662,0.104818,0.574126,0.694579,0.117717,0.102082,-0.015634,0.579333,6742
5249,raw,6,2/4,1,0.596407,0.742306,0.145899,0.623820,0.664954,-0.027413,0.077352,0.104765,0.467780,0351
5249,centered,6,2/4,1,0.647011,0.739269,0.092259,0.631759,0.671064,0.015251,0.068206,0.052954,0.651127,0351
5249,raw,3,1/4,0,0.496982,0.746118,0.249136,0.514004,0.634749,-0.017021,0.111369,0.128391,0.319465,0351
5249,centered,3,1/4,0,0.564445,0.705145,0.140700,0.523915,0.589901,0.040530,0.115244,0.074715,0.551234,0351
5285,raw,6,2/4,1,0.620551,0.719273,0.098723,0.535354,0.707465,0.085197,0.011809,-0.073388,0.435106,1338
5285,centered,6,2/4,1,0.676331,0.742422,0.066091,0.610665,0.703677,0.065666,0.038745,-0.026921,0.655933,1338
5285,raw,3,1/4,0,0.458021,0.722582,0.264562,0.360351,0.676580,0.097670,0.046003,-0.051667,0.207154,1338
5285,centered,3,1/4,0,0.572986,0.708155,0.135169,0.475877,0.621423,0.097110,0.086733,-0.010377,0.539460,1338
5289,raw,6,2/4,1,0.569326,0.784568,0.215242,0.529591,0.817071,0.039734,-0.032504,-0.072238,0.437997,1179
5289,centered,6,2/4,1,0.654205,0.790807,0.136602,0.630589,0.808057,0.023617,-0.017249,-0.040866,0.647501,1179
5289,raw,3,1/4,0,0.371628,0.784510,0.412882,0.314996,0.826334,0.056632,-0.041824,-0.098456,0.208172,1179
5289,centered,3,1/4,0,0.517339,0.763163,0.245824,0.473172,0.783634,0.044167,-0.020471,-0.064638,0.522604,1179
5310,raw,6,2/4,1,0.580177,0.730662,0.150485,0.499831,0.626455,0.080346,0.104207,0.023861,0.408657,0785
5310,centered,6,2/4,1,0.647290,0.759722,0.112432,0.571931,0.611564,0.075359,0.148157,0.072798,0.615629,0785
5310,raw,3,1/4,0,0.437889,0.744555,0.306667,0.305158,0.614368,0.132731,0.130187,-0.002544,0.232350,0785
5310,centered,3,1/4,0,0.538683,0.752016,0.213334,0.394531,0.544120,0.144152,0.207897,0.063744,0.541208,0785
5311,raw,6,2/4,1,0.635990,0.775433,0.139443,0.521615,0.819151,0.114375,-0.043718,-0.158093,0.490334,0681
5311,centered,6,2/4,1,0.682624,0.784012,0.101388,0.611263,0.785665,0.071361,-0.001652,-0.073013,0.669657,0681
5311,raw,3,1/4,0,0.530269,0.776246,0.245977,0.366086,0.806104,0.164183,-0.029858,-0.194041,0.331351,0681
5311,centered,3,1/4,0,0.600290,0.769044,0.168754,0.493510,0.745636,0.106780,0.023407,-0.083372,0.576823,0681
5317,raw,6,2/4,1,0.687438,0.833475,0.146037,0.697291,0.793679,-0.009853,0.039796,0.049649,0.602229,5057
5317,centered,6,2/4,1,0.712409,0.811479,0.099071,0.689791,0.791681,0.022617,0.019799,-0.002819,0.658620,5057
5317,raw,3,1/4,0,0.614036,0.864181,0.250145,0.639827,0.800451,-0.025792,0.063731,0.089522,0.548726,5057
5317,centered,3,1/4,0,0.653143,0.805593,0.152450,0.641688,0.770391,0.011455,0.035203,0.023747,0.593831,5057
5367,raw,6,2/4,1,0.653720,0.792987,0.139267,0.589308,0.810598,0.064412,-0.017611,-0.082023,0.500193,6115
5367,centered,6,2/4,1,0.707107,0.792108,0.085002,0.662555,0.802706,0.044551,-0.010598,-0.055149,0.689284,6115
5367,raw,3,1/4,0,0.555183,0.811262,0.256079,0.479774,0.830866,0.075409,-0.019603,-0.095013,0.385293,6115
5367,centered,3,1/4,0,0.631118,0.765737,0.134619,0.559632,0.786527,0.071486,-0.020790,-0.092276,0.596523,6115
5369,raw,6,2/4,1,0.710313,0.809254,0.098941,0.657595,0.842762,0.052718,-0.033508,-0.086226,0.586038,0273
5369,centered,6,2/4,1,0.713018,0.810187,0.097170,0.693682,0.819721,0.019335,-0.009533,-0.028868,0.672484,0273
5369,raw,3,1/4,0,0.666113,0.809874,0.143761,0.598905,0.834858,0.067208,-0.024984,-0.092192,0.518617,0273
5369,centered,3,1/4,0,0.662523,0.784754,0.122232,0.636764,0.794238,0.025759,-0.009483,-0.035242,0.586414,0273
5373,raw,6,2/4,1,0.522408,0.742257,0.219849,0.441740,0.702304,0.080668,0.039953,-0.040714,0.372240,1821
5373,centered,6,2/4,1,0.620560,0.753856,0.133295,0.562300,0.673576,0.058260,0.080279,0.022019,0.613862,1821
5373,raw,3,1/4,0,0.347207,0.722473,0.375265,0.228277,0.678505,0.118930,0.043968,-0.074962,0.137330,1821
5373,centered,3,1/4,0,0.477486,0.726668,0.249182,0.382117,0.586179,0.095369,0.140489,0.045120,0.488424,1821
5429,raw,6,2/4,1,0.577391,0.825086,0.247695,0.594463,0.699154,-0.017072,0.125932,0.143004,0.460715,1885
5429,centered,6,2/4,1,0.648780,0.826234,0.177454,0.639356,0.710740,0.009424,0.115494,0.106070,0.652239,1885
5429,raw,3,1/4,0,0.403290,0.817873,0.414583,0.457624,0.654524,-0.054333,0.163349,0.217683,0.248028,1885
5429,centered,3,1/4,0,0.526411,0.807422,0.281011,0.533997,0.631294,-0.007587,0.176128,0.183714,0.537652,1885
5444,raw,6,2/4,1,0.597499,0.875687,0.278188,0.622533,0.661387,-0.025034,0.214300,0.239334,0.526118,1794
5444,centered,6,2/4,1,0.666994,0.859309,0.192315,0.602672,0.669786,0.064323,0.189524,0.125201,0.682144,1794
5444,raw,3,1/4,0,0.461960,0.872028,0.410068,0.545416,0.618344,-0.083456,0.253685,0.337141,0.357987,1794
5444,centered,3,1/4,0,0.576575,0.856848,0.280273,0.514045,0.604469,0.062530,0.252379,0.189849,0.576641,1794
5446,raw,6,2/4,1,0.560505,0.708123,0.147618,0.548386,0.771772,0.012119,-0.063649,-0.075768,0.450260,2975
5446,centered,6,2/4,1,0.632013,0.691888,0.059875,0.632625,0.764667,-0.000612,-0.072779,-0.072167,0.637334,2975
5446,raw,3,1/4,0,0.385423,0.737458,0.352035,0.362217,0.795857,0.023206,-0.058400,-0.081605,0.281625,2975
5446,centered,3,1/4,0,0.504039,0.663149,0.159110,0.504013,0.745961,0.000026,-0.082812,-0.082838,0.542714,2975
5456,raw,6,2/4,1,0.735293,0.777562,0.042269,0.637267,0.803968,0.098027,-0.026406,-0.124432,0.572654,2398
5456,centered,6,2/4,1,0.736691,0.783402,0.046711,0.665463,0.785614,0.071228,-0.002211,-0.073439,0.685396,2398
5456,raw,3,1/4,0,0.669572,0.792704,0.123132,0.508141,0.814590,0.161431,-0.021886,-0.183317,0.483625,2398
5456,centered,3,1/4,0,0.684770,0.754430,0.069660,0.546490,0.741311,0.138280,0.013119,-0.125160,0.605671,2398
5458,raw,6,2/4,1,0.544870,0.769600,0.224730,0.539567,0.675432,0.005303,0.094168,0.088864,0.395356,3329
5458,centered,6,2/4,1,0.635920,0.771837,0.135917,0.600156,0.667505,0.035764,0.104332,0.068569,0.629953,3329
5458,raw,3,1/4,0,0.370419,0.745707,0.375289,0.405639,0.647925,-0.035220,0.097782,0.133002,0.187791,3329
5458,centered,3,1/4,0,0.487370,0.726333,0.238963,0.480118,0.612112,0.007252,0.114221,0.106969,0.515091,3329
5465,raw,6,2/4,1,0.705215,0.612969,-0.092245,0.469019,0.699436,0.236195,-0.086467,-0.322662,0.423783,6767
5465,centered,6,2/4,1,0.702763,0.666263,-0.036500,0.575902,0.656919,0.126861,0.009344,-0.117517,0.608032,6767
5465,raw,3,1/4,0,0.616474,0.572941,-0.043533,0.279805,0.722231,0.336670,-0.149290,-0.485960,0.260166,6767
5465,centered,3,1/4,0,0.629817,0.627386,-0.002432,0.432700,0.607469,0.197118,0.019917,-0.177201,0.525771,6767
5473,raw,6,2/4,1,0.706270,0.812466,0.106196,0.691239,0.661604,0.015031,0.150862,0.135831,0.604598,5697
5473,centered,6,2/4,1,0.711844,0.806581,0.094737,0.629853,0.655325,0.081991,0.151256,0.069265,0.675854,5697
5473,raw,3,1/4,0,0.631971,0.842845,0.210874,0.634312,0.651533,-0.002341,0.191312,0.193653,0.520979,5697
5473,centered,3,1/4,0,0.654403,0.809268,0.154865,0.543325,0.598988,0.111078,0.210280,0.099203,0.603377,5697
5510,raw,6,2/4,1,0.695059,0.836372,0.141313,0.716162,0.777019,-0.021103,0.059353,0.080456,0.590669,4546
5510,centered,6,2/4,1,0.714077,0.807149,0.093072,0.717837,0.752607,-0.003760,0.054542,0.058302,0.685586,4546
5510,raw,3,1/4,0,0.659727,0.857759,0.198032,0.688090,0.785721,-0.028363,0.072038,0.100401,0.530801,4546
5510,centered,3,1/4,0,0.682722,0.803637,0.120915,0.674048,0.729816,0.008674,0.073821,0.065147,0.599357,4546
5513,raw,6,2/4,1,0.573126,0.782805,0.209680,0.559253,0.818957,0.013873,-0.036151,-0.050024,0.464990,2956
5513,centered,6,2/4,1,0.657939,0.774344,0.116405,0.645128,0.811599,0.012811,-0.037256,-0.050067,0.670204,2956
5513,raw,3,1/4,0,0.383722,0.778592,0.394870,0.372827,0.820648,0.010895,-0.042056,-0.052952,0.246117,2956
5513,centered,3,1/4,0,0.538633,0.742170,0.203538,0.520115,0.799314,0.018517,-0.057144,-0.075661,0.534726,2956
5553,raw,6,2/4,1,0.710847,0.797134,0.086287,0.689490,0.783054,0.021357,0.014080,-0.007278,0.576046,6259
5553,centered,6,2/4,1,0.727344,0.788473,0.061128,0.695289,0.779651,0.032056,0.008822,-0.023234,0.678951,6259
5553,raw,3,1/4,0,0.629554,0.821839,0.192285,0.609661,0.776378,0.019893,0.045461,0.025568,0.469827,6259
5553,centered,3,1/4,0,0.682175,0.772671,0.090496,0.633006,0.749901,0.049169,0.022771,-0.026398,0.597625,6259
5555,raw,6,2/4,1,0.696432,0.822127,0.125695,0.671979,0.727084,0.024453,0.095043,0.070590,0.559141,5884
5555,centered,6,2/4,1,0.724744,0.816626,0.091882,0.691569,0.722799,0.033176,0.093827,0.060651,0.683496,5884
5555,raw,3,1/4,0,0.631389,0.827728,0.196339,0.606643,0.699041,0.024746,0.128687,0.103941,0.460325,5884
5555,centered,3,1/4,0,0.671952,0.801675,0.129723,0.633443,0.651532,0.038509,0.150143,0.111634,0.600539,5884
5566,raw,6,2/4,1,0.524660,0.762941,0.238281,0.559569,0.603200,-0.034909,0.159741,0.194650,0.387730,1076
5566,centered,6,2/4,1,0.625789,0.760191,0.134402,0.601207,0.609082,0.024582,0.151109,0.126527,0.633386,1076
5566,raw,3,1/4,0,0.336619,0.756003,0.419383,0.401671,0.596258,-0.065052,0.159745,0.224797,0.120624,1076
5566,centered,3,1/4,0,0.483814,0.731517,0.247703,0.485274,0.538012,-0.001460,0.193505,0.194965,0.487572,1076
5599,raw,6,2/4,1,0.573293,0.674974,0.101681,0.539367,0.635592,0.033926,0.039382,0.005456,0.362319,3009
5599,centered,6,2/4,1,0.628911,0.717105,0.088194,0.599006,0.648230,0.029905,0.068875,0.038970,0.596321,3009
5599,raw,3,1/4,0,0.447139,0.670123,0.222984,0.365955,0.642820,0.081184,0.027303,-0.053881,0.180139,3009
5599,centered,3,1/4,0,0.536209,0.681544,0.145334,0.459871,0.604075,0.076339,0.077468,0.001130,0.515141,3009
5629,raw,6,2/4,1,0.591994,0.764436,0.172442,0.548307,0.760494,0.043687,0.003942,-0.039745,0.455245,3135
5629,centered,6,2/4,1,0.664118,0.779965,0.115847,0.629230,0.761461,0.034889,0.018504,-0.016384,0.651049,3135
5629,raw,3,1/4,0,0.378272,0.785648,0.407376,0.316718,0.754685,0.061554,0.030964,-0.030590,0.216472,3135
5629,centered,3,1/4,0,0.523829,0.779601,0.255772,0.462109,0.736260,0.061721,0.043341,-0.018380,0.542216,3135
5639,raw,6,2/4,1,0.661139,0.768991,0.107852,0.578422,0.628261,0.082717,0.140731,0.058013,0.500331,0922
5639,centered,6,2/4,1,0.708323,0.778698,0.070375,0.583446,0.610870,0.124877,0.167827,0.042950,0.667732,0922
5639,raw,3,1/4,0,0.521420,0.788002,0.266582,0.457731,0.623286,0.063689,0.164716,0.101028,0.333200,0922
5639,centered,3,1/4,0,0.602440,0.766430,0.163990,0.469188,0.554378,0.133252,0.212052,0.078800,0.575549,0922
5673,raw,6,2/4,1,0.800947,0.775491,-0.025457,0.734610,0.749663,0.066337,0.025827,-0.040509,0.633096,5193
5673,centered,6,2/4,1,0.770809,0.745866,-0.024943,0.682261,0.737160,0.088549,0.008706,-0.079842,0.679601,5193
5673,raw,3,1/4,0,0.792485,0.791271,-0.001214,0.689063,0.767095,0.103423,0.024176,-0.079247,0.604515,5193
5673,centered,3,1/4,0,0.740147,0.717529,-0.022618,0.591927,0.716583,0.148220,0.000947,-0.147273,0.610479,5193
5675,raw,6,2/4,1,0.562554,0.746876,0.184322,0.442635,0.811445,0.119919,-0.064569,-0.184487,0.391424,5317
5675,centered,6,2/4,1,0.651127,0.761296,0.110168,0.584815,0.786972,0.066312,-0.025676,-0.091988,0.635628,5317
5675,raw,3,1/4,0,0.377497,0.750275,0.372778,0.216672,0.843677,0.160825,-0.093401,-0.254227,0.170923,5317
5675,centered,3,1/4,0,0.505638,0.738855,0.233217,0.407324,0.779602,0.098315,-0.040747,-0.139062,0.514282,5317
5688,raw,6,2/4,1,0.684468,0.805238,0.120770,0.647890,0.780839,0.036578,0.024399,-0.012179,0.589419,3352
5688,centered,6,2/4,1,0.684509,0.804256,0.119746,0.654551,0.753892,0.029958,0.050363,0.020405,0.675338,3352
5688,raw,3,1/4,0,0.591474,0.817478,0.226005,0.546957,0.801068,0.044516,0.016410,-0.028106,0.487852,3352
5688,centered,3,1/4,0,0.623072,0.774551,0.151479,0.575739,0.720544,0.047333,0.054007,0.006675,0.589898,3352
5694,raw,6,2/4,1,0.549139,0.802085,0.252946,0.499434,0.724605,0.049705,0.077481,0.027775,0.439136,0729
5694,centered,6,2/4,1,0.628686,0.803913,0.175227,0.589538,0.684631,0.039148,0.119282,0.080133,0.632742,0729
5694,raw,3,1/4,0,0.376286,0.800126,0.423840,0.292973,0.745459,0.083313,0.054667,-0.028646,0.235221,0729
5694,centered,3,1/4,0,0.508763,0.773139,0.264376,0.442105,0.643375,0.066658,0.129764,0.063106,0.535563,0729
5697,raw,6,2/4,1,0.586730,0.720120,0.133390,0.508038,0.736636,0.078692,-0.016517,-0.095209,0.386661,0789
5697,centered,6,2/4,1,0.670856,0.735179,0.064323,0.612841,0.733752,0.058015,0.001428,-0.056587,0.642524,0789
5697,raw,3,1/4,0,0.406846,0.732205,0.325359,0.298809,0.741826,0.108037,-0.009620,-0.117657,0.163860,0789
5697,centered,3,1/4,0,0.538100,0.709291,0.171191,0.445470,0.689698,0.092629,0.019593,-0.073037,0.529878,0789
5706,raw,6,2/4,1,0.692581,0.627081,-0.065500,0.520745,0.721798,0.171836,-0.094718,-0.266553,0.439043,4568
5706,centered,6,2/4,1,0.684617,0.673693,-0.010924,0.605982,0.702309,0.078634,-0.028616,-0.107251,0.661198,4568
5706,raw,3,1/4,0,0.602953,0.583460,-0.019494,0.364219,0.724936,0.238735,-0.141476,-0.380211,0.286654,4568
5706,centered,3,1/4,0,0.575903,0.601879,0.025976,0.460135,0.635847,0.115769,-0.033968,-0.149736,0.577682,4568
5719,raw,6,2/4,1,0.709005,0.776026,0.067021,0.629033,0.705366,0.079972,0.070660,-0.009312,0.532649,5639
5719,centered,6,2/4,1,0.724521,0.777638,0.053117,0.646204,0.693188,0.078316,0.084450,0.006134,0.676333,5639
5719,raw,3,1/4,0,0.647425,0.766563,0.119138,0.552690,0.698146,0.094735,0.068417,-0.026318,0.442412,5639
5719,centered,3,1/4,0,0.665583,0.731641,0.066058,0.549409,0.636110,0.116174,0.095531,-0.020642,0.592744,5639
5738,raw,6,2/4,1,0.559442,0.710918,0.151477,0.514456,0.633545,0.044986,0.077374,0.032388,0.388849,1276
5738,centered,6,2/4,1,0.644567,0.722374,0.077807,0.581640,0.641178,0.062927,0.081196,0.018269,0.637769,1276
5738,raw,3,1/4,0,0.376477,0.705451,0.328974,0.349487,0.630720,0.026991,0.074732,0.047741,0.156305,1276
5738,centered,3,1/4,0,0.501009,0.663703,0.162695,0.461908,0.582849,0.039100,0.080854,0.041754,0.505266,1276
5753,raw,6,2/4,1,0.591790,0.797007,0.205216,0.548953,0.810112,0.042837,-0.013106,-0.055942,0.476195,2392
5753,centered,6,2/4,1,0.653244,0.805345,0.152101,0.634189,0.793775,0.019054,0.011569,-0.007485,0.665515,2392
5753,raw,3,1/4,0,0.453277,0.801665,0.348388,0.388294,0.831256,0.064982,-0.029591,-0.094573,0.295864,2392
5753,centered,3,1/4,0,0.542975,0.781578,0.238603,0.516764,0.778541,0.026211,0.003037,-0.023174,0.558461,2392
5768,raw,6,2/4,1,0.548059,0.747244,0.199185,0.434436,0.776479,0.113623,-0.029235,-0.142859,0.407526,2136
5768,centered,6,2/4,1,0.626394,0.757926,0.131532,0.555914,0.734604,0.070480,0.023323,-0.047158,0.626224,2136
5768,raw,3,1/4,0,0.350554,0.753734,0.403179,0.192211,0.797405,0.158343,-0.043672,-0.202014,0.171733,2136
5768,centered,3,1/4,0,0.474567,0.717573,0.243007,0.373959,0.689247,0.100608,0.028326,-0.072282,0.511613,2136
5826,raw,6,2/4,1,0.663591,0.728275,0.064683,0.532590,0.786319,0.131002,-0.058045,-0.189046,0.461083,1896
5826,centered,6,2/4,1,0.698644,0.750850,0.052206,0.612420,0.771076,0.086225,-0.020226,-0.106451,0.654528,1896
5826,raw,3,1/4,0,0.538969,0.721029,0.182059,0.358703,0.778629,0.180267,-0.057601,-0.237868,0.283251,1896
5826,centered,3,1/4,0,0.602519,0.721763,0.119244,0.479494,0.747219,0.123025,-0.025455,-0.148480,0.557819,1896
5831,raw,6,2/4,1,0.683099,0.736937,0.053837,0.483073,0.692207,0.200027,0.044729,-0.155297,0.483641,0592
5831,centered,6,2/4,1,0.709138,0.760739,0.051602,0.554553,0.646899,0.154584,0.113840,-0.040744,0.668855,0592
5831,raw,3,1/4,0,0.577172,0.762479,0.185306,0.308105,0.759513,0.269067,0.002965,-0.266102,0.350982,0592
5831,centered,3,1/4,0,0.625672,0.744357,0.118685,0.397620,0.609279,0.228052,0.135077,-0.092975,0.595060,0592
5855,raw,6,2/4,1,0.666700,0.651402,-0.015298,0.495347,0.674369,0.171353,-0.022967,-0.194320,0.421228,3417
5855,centered,6,2/4,1,0.695185,0.687336,-0.007849,0.589314,0.637700,0.105870,0.049635,-0.056235,0.625505,3417
5855,raw,3,1/4,0,0.539515,0.628009,0.088495,0.273388,0.681397,0.266127,-0.053387,-0.319514,0.213241,3417
5855,centered,3,1/4,0,0.605865,0.625128,0.019263,0.416467,0.559581,0.189398,0.065547,-0.123851,0.514775,3417
5878,raw,6,2/4,1,0.576819,0.760189,0.183370,0.568937,0.672096,0.007882,0.088093,0.080211,0.422422,2412
5878,centered,6,2/4,1,0.649491,0.777766,0.128275,0.619258,0.675994,0.030232,0.101773,0.071540,0.640729,2412
5878,raw,3,1/4,0,0.398818,0.781263,0.382445,0.406499,0.674265,-0.007681,0.106998,0.114679,0.232768,2412
5878,centered,3,1/4,0,0.515961,0.771326,0.255365,0.496185,0.625738,0.019776,0.145588,0.125812,0.537310,2412
5884,raw,6,2/4,1,0.710108,0.761476,0.051368,0.586157,0.733046,0.123952,0.028430,-0.095521,0.546791,3462
5884,centered,6,2/4,1,0.736273,0.769047,0.032774,0.634084,0.677968,0.102189,0.091079,-0.011110,0.664502,3462
5884,raw,3,1/4,0,0.643435,0.797942,0.154506,0.460251,0.776124,0.183185,0.021818,-0.161367,0.469298,3462
5884,centered,3,1/4,0,0.690199,0.765751,0.075552,0.525287,0.638247,0.164911,0.127504,-0.037407,0.607128,3462
5906,raw,6,2/4,1,0.623712,0.808073,0.184361,0.603288,0.751304,0.020424,0.056769,0.036345,0.494746,5219
5906,centered,6,2/4,1,0.679954,0.804318,0.124364,0.644709,0.752002,0.035245,0.052316,0.017071,0.662090,5219
5906,raw,3,1/4,0,0.502807,0.812591,0.309784,0.484579,0.744670,0.018228,0.067922,0.049694,0.341871,5219
5906,centered,3,1/4,0,0.593769,0.788226,0.194457,0.555613,0.729975,0.038156,0.058252,0.020096,0.554266,5219
5922,raw,6,2/4,1,0.556010,0.685510,0.129500,0.527012,0.730909,0.028998,-0.045398,-0.074396,0.377084,0060
5922,centered,6,2/4,1,0.629759,0.704835,0.075076,0.617229,0.743735,0.012530,-0.038900,-0.051430,0.616542,0060
5922,raw,3,1/4,0,0.369572,0.656802,0.287230,0.327956,0.718838,0.041615,-0.062036,-0.103651,0.113668,0060
5922,centered,3,1/4,0,0.498623,0.646442,0.147819,0.478103,0.702237,0.020520,-0.055795,-0.076315,0.479903,0060
5938,raw,6,2/4,1,0.735980,0.839283,0.103303,0.719460,0.664290,0.016520,0.174993,0.158474,0.609238,4158
5938,centered,6,2/4,1,0.754755,0.829504,0.074749,0.663293,0.658657,0.091462,0.170847,0.079385,0.711831,4158
5938,raw,3,1/4,0,0.693897,0.868127,0.174229,0.678082,0.623792,0.015816,0.244334,0.228519,0.559788,4158
5938,centered,3,1/4,0,0.717701,0.825021,0.107320,0.560419,0.582173,0.157282,0.242848,0.085566,0.632180,4158
5990,raw,6,2/4,1,0.666276,0.791597,0.125322,0.611874,0.812173,0.054401,-0.020576,-0.074977,0.535440,0802
5990,centered,6,2/4,1,0.700451,0.795442,0.094991,0.672427,0.786825,0.028024,0.008617,-0.019407,0.668163,0802
5990,raw,3,1/4,0,0.567493,0.770865,0.203372,0.496727,0.786094,0.070766,-0.015229,-0.085995,0.374199,0802
5990,centered,3,1/4,0,0.627372,0.767393,0.140021,0.604243,0.745922,0.023129,0.021472,-0.001657,0.553234,0802
6030,raw,6,2/4,1,0.645629,0.749795,0.104166,0.548568,0.613255,0.097061,0.136540,0.039479,0.474362,0147
6030,centered,6,2/4,1,0.702800,0.751313,0.048513,0.574319,0.563659,0.128481,0.187654,0.059173,0.643046,0147
6030,raw,3,1/4,0,0.522390,0.684591,0.162201,0.425167,0.542649,0.097223,0.141942,0.044719,0.292941,0147
6030,centered,3,1/4,0,0.616284,0.660655,0.044371,0.456794,0.450992,0.159490,0.209664,0.050174,0.505784,0147
6065,raw,6,2/4,1,0.678489,0.703833,0.025344,0.616976,0.736291,0.061513,-0.032458,-0.093971,0.476722,5675
6065,centered,6,2/4,1,0.698763,0.722583,0.023820,0.649693,0.747556,0.049070,-0.024974,-0.074044,0.667271,5675
6065,raw,3,1/4,0,0.626331,0.672910,0.046579,0.497151,0.736171,0.129180,-0.063261,-0.192441,0.337281,5675
6065,centered,3,1/4,0,0.630995,0.652251,0.021256,0.537251,0.724599,0.093743,-0.072348,-0.166092,0.565510,5675
6076,raw,6,2/4,1,0.595144,0.847873,0.252729,0.628703,0.683149,-0.033559,0.164724,0.198283,0.482090,0568
6076,centered,6,2/4,1,0.672649,0.844477,0.171828,0.638390,0.687780,0.034258,0.156697,0.122438,0.665287,0568
6076,raw,3,1/4,0,0.460824,0.879496,0.418672,0.555452,0.670513,-0.094627,0.208983,0.303610,0.346562,0568
6076,centered,3,1/4,0,0.590221,0.846849,0.256628,0.572196,0.636729,0.018025,0.210120,0.192095,0.573013,0568
6115,raw,6,2/4,1,0.826250,0.835943,0.009693,0.785293,0.794636,0.040957,0.041307,0.000350,0.712197,2602
6115,centered,6,2/4,1,0.792845,0.828370,0.035525,0.730668,0.792432,0.062178,0.035939,-0.026239,0.706947,2602
6115,raw,3,1/4,0,0.812630,0.843000,0.030370,0.748958,0.815382,0.063672,0.027618,-0.036054,0.666372,2602
6115,centered,3,1/4,0,0.759049,0.807415,0.048366,0.679258,0.776824,0.079791,0.030591,-0.049200,0.625668,2602
6139,raw,6,2/4,1,0.592886,0.692612,0.099726,0.458824,0.629007,0.134062,0.063605,-0.070458,0.401616,5446
6139,centered,6,2/4,1,0.641365,0.732022,0.090657,0.551026,0.595782,0.090340,0.136240,0.045901,0.617274,5446
6139,raw,3,1/4,0,0.452058,0.711536,0.259478,0.261048,0.674678,0.191010,0.036858,-0.154152,0.203840,5446
6139,centered,3,1/4,0,0.522686,0.713780,0.191094,0.370066,0.555932,0.152620,0.157848,0.005228,0.515624,5446
6144,raw,6,2/4,1,0.566589,0.759342,0.192753,0.509010,0.794179,0.057578,-0.034837,-0.092415,0.415518,4502
6144,centered,6,2/4,1,0.657124,0.768725,0.111601,0.619566,0.780642,0.037558,-0.011917,-0.049474,0.643090,4502
6144,raw,3,1/4,0,0.368005,0.780840,0.412835,0.267974,0.782446,0.100031,-0.001606,-0.101638,0.176717,4502
6144,centered,3,1/4,0,0.525510,0.765475,0.239965,0.427655,0.734347,0.097854,0.031128,-0.066727,0.527654,4502
6179,raw,6,2/4,1,0.597315,0.773003,0.175688,0.556646,0.735906,0.040669,0.037097,-0.003572,0.451494,6653
6179,centered,6,2/4,1,0.661428,0.786878,0.125450,0.626592,0.728326,0.034836,0.058552,0.023716,0.645491,6653
6179,raw,3,1/4,0,0.397620,0.782862,0.385242,0.331068,0.745901,0.066552,0.036960,-0.029592,0.235462,6653
6179,centered,3,1/4,0,0.527701,0.759525,0.231824,0.461107,0.690740,0.066594,0.068784,0.002191,0.544713,6653
6227,raw,6,2/4,1,0.613353,0.734815,0.121462,0.547399,0.763696,0.065954,-0.028881,-0.094835,0.441303,5694
6227,centered,6,2/4,1,0.669245,0.764588,0.095343,0.636725,0.763431,0.032521,0.001158,-0.031363,0.644153,5694
6227,raw,3,1/4,0,0.439018,0.743290,0.304272,0.362835,0.772921,0.076183,-0.029631,-0.105814,0.239280,5694
6227,centered,3,1/4,0,0.549422,0.736899,0.187477,0.505994,0.744747,0.043427,-0.007849,-0.051276,0.531803,5694
6259,raw,6,2/4,1,0.617884,0.791173,0.173289,0.558870,0.727376,0.059014,0.063797,0.004783,0.455214,2043
6259,centered,6,2/4,1,0.685466,0.792996,0.107530,0.626027,0.699260,0.059439,0.093736,0.034297,0.653641,2043
6259,raw,3,1/4,0,0.489414,0.783472,0.294058,0.420804,0.699037,0.068611,0.084435,0.015825,0.294630,2043
6259,centered,3,1/4,0,0.598803,0.762034,0.163231,0.537048,0.624928,0.061755,0.137106,0.075351,0.536340,2043
6279,raw,6,2/4,1,0.764383,0.824341,0.059958,0.714660,0.654393,0.049723,0.169949,0.120225,0.641064,3258
6279,centered,6,2/4,1,0.760894,0.816238,0.055344,0.618805,0.670613,0.142089,0.145625,0.003536,0.711322,3258
6279,raw,3,1/4,0,0.733346,0.859877,0.126531,0.664459,0.642701,0.068887,0.217176,0.148290,0.604444,3258
6279,centered,3,1/4,0,0.719959,0.816812,0.096854,0.502093,0.611972,0.217866,0.204840,-0.013026,0.637465,3258
6290,raw,6,2/4,1,0.631005,0.749839,0.118834,0.611389,0.742752,0.019616,0.007087,-0.012529,0.480880,4435
6290,centered,6,2/4,1,0.676175,0.760333,0.084158,0.648338,0.756205,0.027837,0.004128,-0.023709,0.660508,4435
6290,raw,3,1/4,0,0.504762,0.719131,0.214368,0.461877,0.720178,0.042885,-0.001047,-0.043932,0.281591,4435
6290,centered,3,1/4,0,0.579449,0.706316,0.126867,0.531827,0.708329,0.047622,-0.002013,-0.049635,0.540482,4435
6304,raw,6,2/4,1,0.710542,0.837058,0.126516,0.692365,0.764889,0.018177,0.072169,0.053992,0.615679,3679
6304,centered,6,2/4,1,0.716410,0.808031,0.091621,0.690235,0.728010,0.026175,0.080021,0.053846,0.660275,3679
6304,raw,3,1/4,0,0.633518,0.846999,0.213481,0.611392,0.762371,0.022125,0.084627,0.062502,0.533245,3679
6304,centered,3,1/4,0,0.657720,0.794959,0.137240,0.629883,0.676884,0.027837,0.118075,0.090238,0.588529,3679
6306,raw,6,2/4,1,0.686343,0.838869,0.152526,0.664133,0.789670,0.022210,0.049199,0.026989,0.574758,0856
6306,centered,6,2/4,1,0.711266,0.826127,0.114860,0.677846,0.778301,0.033420,0.047826,0.014405,0.679785,0856
6306,raw,3,1/4,0,0.598055,0.841152,0.243097,0.576112,0.751147,0.021944,0.090005,0.068062,0.456656,0856
6306,centered,3,1/4,0,0.644003,0.814158,0.170155,0.600611,0.731609,0.043392,0.082549,0.039157,0.582334,0856
6310,raw,6,2/4,1,0.582584,0.795031,0.212447,0.549792,0.677218,0.032793,0.117813,0.085020,0.488230,5738
6310,centered,6,2/4,1,0.658514,0.778173,0.119659,0.570431,0.673593,0.088083,0.104579,0.016497,0.649348,5738
6310,raw,3,1/4,0,0.421635,0.804206,0.382571,0.423212,0.668483,-0.001577,0.135723,0.137300,0.313463,5738
6310,centered,3,1/4,0,0.558172,0.744879,0.186706,0.449507,0.615693,0.108665,0.129185,0.020520,0.555176,5738
6324,raw,6,2/4,1,0.708643,0.827077,0.118434,0.715176,0.801238,-0.006533,0.025840,0.032373,0.581868,4940
6324,centered,6,2/4,1,0.736395,0.806516,0.070121,0.729283,0.792468,0.007112,0.014049,0.006937,0.679589,4940
6324,raw,3,1/4,0,0.676184,0.821003,0.144819,0.656804,0.816676,0.019380,0.004327,-0.015053,0.516519,4940
6324,centered,3,1/4,0,0.701326,0.771167,0.069842,0.667159,0.767926,0.034167,0.003241,-0.030926,0.569205,4940
6325,raw,6,2/4,1,0.561294,0.765037,0.203743,0.555903,0.711671,0.005391,0.053367,0.047975,0.410175,3461
6325,centered,6,2/4,1,0.654187,0.780312,0.126125,0.624469,0.721774,0.029718,0.058537,0.028820,0.648876,3461
6325,raw,3,1/4,0,0.376948,0.809837,0.432889,0.383534,0.715187,-0.006586,0.094650,0.101236,0.209514,3461
6325,centered,3,1/4,0,0.515381,0.782974,0.267593,0.480525,0.688276,0.034855,0.094698,0.059842,0.544712,3461
6360,raw,6,2/4,1,0.556829,0.757007,0.200178,0.562878,0.722455,-0.006049,0.034552,0.040601,0.428184,0687
6360,centered,6,2/4,1,0.624298,0.764713,0.140415,0.618061,0.731859,0.006237,0.032854,0.026618,0.647407,0687
6360,raw,3,1/4,0,0.394124,0.779413,0.385288,0.399448,0.728167,-0.005324,0.051246,0.056570,0.231186,0687
6360,centered,3,1/4,0,0.505834,0.749950,0.244116,0.481961,0.699685,0.023873,0.050266,0.026392,0.548451,0687
6405,raw,6,2/4,1,0.623281,0.752849,0.129568,0.580594,0.747279,0.042686,0.005569,-0.037117,0.442534,0853
6405,centered,6,2/4,1,0.681333,0.772902,0.091569,0.647032,0.761013,0.034301,0.011890,-0.022412,0.641782,0853
6405,raw,3,1/4,0,0.456945,0.742541,0.285596,0.392786,0.754245,0.064159,-0.011704,-0.075863,0.237769,0853
6405,centered,3,1/4,0,0.557851,0.740847,0.182996,0.502854,0.746530,0.054997,-0.005683,-0.060680,0.531433,0853
6430,raw,6,2/4,1,0.535986,0.792499,0.256512,0.529030,0.650930,0.006956,0.141569,0.134613,0.432773,3221
6430,centered,6,2/4,1,0.641613,0.788860,0.147247,0.595355,0.634780,0.046258,0.154081,0.107822,0.643995,3221
6430,raw,3,1/4,0,0.314561,0.823492,0.508931,0.356326,0.637611,-0.041765,0.185881,0.227645,0.210933,3221
6430,centered,3,1/4,0,0.486823,0.776875,0.290051,0.476013,0.560678,0.010810,0.216197,0.205387,0.534813,3221
6455,raw,6,2/4,1,0.732889,0.791153,0.058264,0.646059,0.791086,0.086830,0.000067,-0.086763,0.597005,1302
6455,centered,6,2/4,1,0.736409,0.793412,0.057003,0.676596,0.753769,0.059813,0.039644,-0.020169,0.677884,1302
6455,raw,3,1/4,0,0.681539,0.768789,0.087250,0.570827,0.793364,0.110712,-0.024576,-0.135287,0.504330,1302
6455,centered,3,1/4,0,0.680780,0.753338,0.072558,0.598782,0.732265,0.081998,0.021072,-0.060926,0.573022,1302
6494,raw,6,2/4,1,0.718511,0.841618,0.123107,0.659128,0.703862,0.059384,0.137757,0.078373,0.601236,6290
6494,centered,6,2/4,1,0.731324,0.842348,0.111024,0.619288,0.689133,0.112036,0.153215,0.041179,0.695308,6290
6494,raw,3,1/4,0,0.662874,0.860576,0.197702,0.618600,0.670942,0.044274,0.189634,0.145360,0.534187,6290
6494,centered,3,1/4,0,0.675744,0.832635,0.156891,0.517038,0.622663,0.158707,0.209972,0.051265,0.596790,6290
6498,raw,6,2/4,1,0.758164,0.847771,0.089607,0.734656,0.782632,0.023508,0.065139,0.041631,0.644212,5513
6498,centered,6,2/4,1,0.756433,0.828008,0.071575,0.723243,0.767925,0.033190,0.060083,0.026893,0.694530,5513
6498,raw,3,1/4,0,0.740745,0.848013,0.107268,0.701265,0.795848,0.039480,0.052166,0.012686,0.593530,5513
6498,centered,3,1/4,0,0.718542,0.811941,0.093399,0.668561,0.745673,0.049980,0.066268,0.016288,0.595705,5513
6502,raw,6,2/4,1,0.586882,0.763411,0.176529,0.531230,0.737440,0.055652,0.025970,-0.029682,0.415608,2513
6502,centered,6,2/4,1,0.675511,0.764048,0.088537,0.613905,0.737867,0.061606,0.026181,-0.035425,0.644535,2513
6502,raw,3,1/4,0,0.444766,0.745236,0.300470,0.364864,0.724287,0.079902,0.020949,-0.058953,0.233848,2513
6502,centered,3,1/4,0,0.560181,0.712725,0.152544,0.456094,0.675619,0.104087,0.037106,-0.066982,0.539153,2513
6513,raw,6,2/4,1,0.562208,0.791752,0.229544,0.507115,0.770918,0.055092,0.020833,-0.034259,0.438668,6430
6513,centered,6,2/4,1,0.655162,0.794365,0.139203,0.609522,0.742012,0.045641,0.052353,0.006713,0.660097,6430
6513,raw,3,1/4,0,0.373978,0.764597,0.390619,0.309651,0.771307,0.064327,-0.006710,-0.071037,0.181481,6430
6513,centered,3,1/4,0,0.520324,0.734710,0.214386,0.474769,0.700982,0.045555,0.033727,-0.011827,0.520847,6430
6515,raw,6,2/4,1,0.634353,0.822451,0.188098,0.569095,0.630578,0.065258,0.191873,0.126615,0.503229,0806
6515,centered,6,2/4,1,0.693488,0.816978,0.123490,0.560354,0.611517,0.133134,0.205461,0.072326,0.677197,0806
6515,raw,3,1/4,0,0.516413,0.844535,0.328122,0.459597,0.627821,0.056816,0.216714,0.159898,0.368557,0806
6515,centered,3,1/4,0,0.620854,0.802558,0.181704,0.445413,0.541650,0.175441,0.260908,0.085467,0.575926,0806
6516,raw,6,2/4,1,0.625211,0.736717,0.111506,0.548723,0.712491,0.076488,0.024227,-0.052261,0.467522,6537
6516,centered,6,2/4,1,0.668348,0.758506,0.090158,0.629481,0.693318,0.038867,0.065188,0.026321,0.658899,6537
6516,raw,3,1/4,0,0.489564,0.742781,0.253217,0.377240,0.742060,0.112323,0.000721,-0.111602,0.302330,6537
6516,centered,3,1/4,0,0.541395,0.715806,0.174411,0.493711,0.640811,0.047684,0.074995,0.027311,0.567911,6537
6521,raw,6,2/4,1,0.706026,0.793929,0.087903,0.692775,0.691513,0.013251,0.102416,0.089165,0.554601,2886
6521,centered,6,2/4,1,0.728743,0.791137,0.062394,0.666331,0.706377,0.062413,0.084760,0.022347,0.693368,2886
6521,raw,3,1/4,0,0.648828,0.795243,0.146414,0.649473,0.662631,-0.000645,0.132612,0.133257,0.466636,2886
6521,centered,3,1/4,0,0.677373,0.752693,0.075320,0.577522,0.644462,0.099852,0.108232,0.008380,0.602369,2886
6537,raw,6,2/4,1,0.566455,0.808305,0.241850,0.521946,0.680755,0.044509,0.127550,0.083041,0.442983,1272
6537,centered,6,2/4,1,0.646630,0.815423,0.168793,0.563548,0.662200,0.083082,0.153223,0.070141,0.643786,1272
6537,raw,3,1/4,0,0.376925,0.841403,0.464477,0.363476,0.691915,0.013450,0.149487,0.136038,0.241185,1272
6537,centered,3,1/4,0,0.510789,0.805394,0.294605,0.428618,0.620368,0.082171,0.185026,0.102855,0.532281,1272
6616,raw,6,2/4,1,0.633382,0.756464,0.123082,0.578154,0.644662,0.055228,0.111802,0.056574,0.453995,5310
6616,centered,6,2/4,1,0.678814,0.759828,0.081014,0.601058,0.629478,0.077756,0.130350,0.052595,0.650466,5310
6616,raw,3,1/4,0,0.532236,0.728548,0.196312,0.483749,0.606070,0.048487,0.122479,0.073992,0.307366,5310
6616,centered,3,1/4,0,0.590492,0.693024,0.102532,0.496510,0.556850,0.093982,0.136174,0.042192,0.542853,5310
6626,raw,6,2/4,1,0.608573,0.763227,0.154655,0.579387,0.721156,0.029186,0.042072,0.012886,0.460233,2122
6626,centered,6,2/4,1,0.677845,0.761735,0.083890,0.624226,0.729000,0.053618,0.032735,-0.020884,0.630388,2122
6626,raw,3,1/4,0,0.426921,0.782892,0.355971,0.416465,0.731360,0.010455,0.051533,0.041077,0.289838,2122
6626,centered,3,1/4,0,0.584161,0.738980,0.154819,0.510535,0.720168,0.073626,0.018812,-0.054814,0.571498,2122
6639,raw,6,2/4,1,0.585159,0.740003,0.154844,0.533061,0.713461,0.052098,0.026543,-0.025555,0.445932,6030
6639,centered,6,2/4,1,0.658458,0.746990,0.088532,0.597195,0.712611,0.061264,0.034379,-0.026884,0.643993,6030
6639,raw,3,1/4,0,0.411071,0.778496,0.367426,0.359540,0.711389,0.051531,0.067107,0.015577,0.252946,6030
6639,centered,3,1/4,0,0.529952,0.738898,0.208947,0.452354,0.651272,0.077597,0.087627,0.010029,0.539793,6030
6646,raw,6,2/4,1,0.679700,0.751243,0.071543,0.663398,0.730851,0.016302,0.020391,0.004089,0.538041,3706
6646,centered,6,2/4,1,0.704121,0.735332,0.031211,0.636232,0.739787,0.067889,-0.004455,-0.072344,0.646965,3706
6646,raw,3,1/4,0,0.603660,0.750188,0.146528,0.605871,0.725649,-0.002211,0.024538,0.026749,0.460347,3706
6646,centered,3,1/4,0,0.627926,0.692045,0.064119,0.568424,0.702242,0.059502,-0.010197,-0.069699,0.585597,3706
6653,raw,6,2/4,1,0.726111,0.808854,0.082743,0.643241,0.760181,0.082870,0.048672,-0.034198,0.597674,5060
6653,centered,6,2/4,1,0.734670,0.815184,0.080513,0.648710,0.734807,0.085960,0.080377,-0.005583,0.676426,5060
6653,raw,3,1/4,0,0.637661,0.823387,0.185726,0.585158,0.750884,0.052503,0.072503,0.020000,0.519981,5060
6653,centered,3,1/4,0,0.656135,0.812993,0.156858,0.583110,0.682854,0.073025,0.130139,0.057114,0.597183,5060
6689,raw,6,2/4,1,0.595275,0.743073,0.147798,0.581237,0.747340,0.014038,-0.004267,-0.018305,0.431692,3139
6689,centered,6,2/4,1,0.634781,0.755903,0.121122,0.634646,0.762488,0.000135,-0.006585,-0.006720,0.611334,3139
6689,raw,3,1/4,0,0.476440,0.697585,0.221146,0.427434,0.730683,0.049006,-0.033098,-0.082104,0.246271,3139
6689,centered,3,1/4,0,0.552597,0.687058,0.134461,0.520865,0.735765,0.031732,-0.048707,-0.080439,0.512835,3139
6701,raw,6,2/4,1,0.510902,0.796138,0.285236,0.504569,0.740309,0.006333,0.055829,0.049496,0.406200,4259
6701,centered,6,2/4,1,0.624498,0.786099,0.161601,0.604761,0.736647,0.019737,0.049452,0.029715,0.641206,4259
6701,raw,3,1/4,0,0.302809,0.818296,0.515487,0.315028,0.765942,-0.012219,0.052354,0.064573,0.190123,4259
6701,centered,3,1/4,0,0.485351,0.765683,0.280333,0.477144,0.706690,0.008206,0.058993,0.050787,0.530666,4259
6702,raw,6,2/4,1,0.591167,0.739781,0.148615,0.577165,0.730685,0.014001,0.009096,-0.004905,0.433621,5163
6702,centered,6,2/4,1,0.652290,0.751140,0.098849,0.649510,0.729789,0.002780,0.021350,0.018570,0.651281,5163
6702,raw,3,1/4,0,0.393790,0.733141,0.339351,0.361794,0.709503,0.031996,0.023639,-0.008357,0.172377,5163
6702,centered,3,1/4,0,0.507481,0.710044,0.202563,0.482667,0.688805,0.024814,0.021238,-0.003576,0.513210,5163
6709,raw,6,2/4,1,0.728005,0.774702,0.046697,0.670012,0.727235,0.057993,0.047467,-0.010527,0.555909,5367
6709,centered,6,2/4,1,0.740247,0.769333,0.029086,0.685917,0.703995,0.054330,0.065339,0.011008,0.684586,5367
6709,raw,3,1/4,0,0.679041,0.747979,0.068938,0.594852,0.723756,0.084189,0.024224,-0.059965,0.443788,5367
6709,centered,3,1/4,0,0.683740,0.722468,0.038728,0.623052,0.644778,0.060689,0.077691,0.017002,0.570365,5367
6722,raw,6,2/4,1,0.591596,0.728646,0.137049,0.473571,0.691770,0.118025,0.036876,-0.081150,0.412019,2589
6722,centered,6,2/4,1,0.664825,0.757603,0.092779,0.575310,0.663167,0.089515,0.094436,0.004921,0.635540,2589
6722,raw,3,1/4,0,0.433709,0.757109,0.323399,0.272947,0.700215,0.160762,0.056893,-0.103869,0.233656,2589
6722,centered,3,1/4,0,0.534425,0.753312,0.218886,0.404718,0.585160,0.129707,0.168151,0.038445,0.534129,2589
6725,raw,6,2/4,1,0.734731,0.820837,0.086106,0.626942,0.734962,0.107789,0.085874,-0.021915,0.613639,0355
6725,centered,6,2/4,1,0.739068,0.819136,0.080068,0.622845,0.674589,0.116223,0.144547,0.028324,0.673083,0355
6725,raw,3,1/4,0,0.658345,0.827240,0.168894,0.524459,0.752308,0.133887,0.074932,-0.058955,0.522842,0355
6725,centered,3,1/4,0,0.679271,0.815592,0.136321,0.534193,0.624563,0.145077,0.191029,0.045952,0.590960,0355
6742,raw,6,2/4,1,0.608702,0.802225,0.193523,0.561177,0.780271,0.047525,0.021954,-0.025571,0.488987,4316
6742,centered,6,2/4,1,0.675075,0.789587,0.114512,0.629426,0.757699,0.045649,0.031888,-0.013761,0.652352,4316
6742,raw,3,1/4,0,0.458062,0.829775,0.371713,0.394700,0.775723,0.063361,0.054052,-0.009309,0.331475,4316
6742,centered,3,1/4,0,0.558604,0.762450,0.203846,0.500101,0.678938,0.058504,0.083512,0.025008,0.552070,4316
6767,raw,6,2/4,1,0.633228,0.843481,0.210253,0.620787,0.759149,0.012441,0.084332,0.071891,0.535983,4018
6767,centered,6,2/4,1,0.696125,0.842130,0.146005,0.662795,0.723951,0.033330,0.118179,0.084849,0.694144,4018
6767,raw,3,1/4,0,0.539961,0.858414,0.318453,0.516807,0.769927,0.023154,0.088487,0.065333,0.410315,4018
6767,centered,3,1/4,0,0.631655,0.826243,0.194589,0.598960,0.676166,0.032695,0.150077,0.117382,0.597993,4018
