sample_id,feature_type,block_index,layer_fraction,is_primary_block,similarity_1e5_to_clean,similarity_render_to_clean,delta_render_over_1e5,different_scene_1e5_to_clean,different_scene_render_to_clean,scene_advantage_1e5,scene_advantage_render,delta_scene_advantage,similarity_1e5_to_render,different_scene_target_sample_id
0060,raw,6,2/4,1,0.542972,0.751741,0.208769,0.508198,0.700461,0.034773,0.051280,0.016506,0.318556,6702
0060,centered,6,2/4,1,0.618813,0.763644,0.144831,0.586359,0.708147,0.032453,0.055497,0.023043,0.474059,6702
0060,raw,3,1/4,0,0.645473,0.763604,0.118132,0.635547,0.733493,0.009925,0.030111,0.020186,0.479768,6702
0060,centered,3,1/4,0,0.674039,0.810992,0.136953,0.665128,0.782006,0.008910,0.028986,0.020075,0.596194,6702
0072,raw,6,2/4,1,0.635320,0.798106,0.162785,0.553656,0.634225,0.081664,0.163881,0.082217,0.470551,6722
0072,centered,6,2/4,1,0.669215,0.791388,0.122173,0.560414,0.627637,0.108801,0.163751,0.054950,0.543844,6722
0072,raw,3,1/4,0,0.699811,0.799325,0.099514,0.621914,0.655129,0.077897,0.144196,0.066299,0.579234,6722
0072,centered,3,1/4,0,0.699271,0.826095,0.126823,0.579787,0.713967,0.119484,0.112127,-0.007357,0.606099,6722
0073,raw,6,2/4,1,0.322805,0.768496,0.445691,0.305964,0.718056,0.016841,0.050440,0.033599,0.221920,4068
0073,centered,6,2/4,1,0.476795,0.776057,0.299262,0.457819,0.724783,0.018976,0.051274,0.032298,0.460716,4068
0073,raw,3,1/4,0,0.539637,0.743625,0.203987,0.511959,0.687478,0.027678,0.056147,0.028468,0.413762,4068
0073,centered,3,1/4,0,0.643857,0.785769,0.141912,0.618704,0.730477,0.025152,0.055292,0.030139,0.553217,4068
0075,raw,6,2/4,1,0.434733,0.796481,0.361748,0.432123,0.730413,0.002610,0.066068,0.063458,0.281008,4027
0075,centered,6,2/4,1,0.544708,0.789712,0.245004,0.537063,0.730033,0.007645,0.059679,0.052034,0.448709,4027
0075,raw,3,1/4,0,0.563284,0.781601,0.218317,0.580314,0.749499,-0.017030,0.032103,0.049133,0.439317,4027
0075,centered,3,1/4,0,0.650562,0.813357,0.162795,0.653222,0.787400,-0.002660,0.025957,0.028616,0.571325,4027
0085,raw,6,2/4,1,0.358922,0.775784,0.416861,0.333946,0.746627,0.024976,0.029156,0.004181,0.273298,1785
0085,centered,6,2/4,1,0.489049,0.773689,0.284640,0.479617,0.743490,0.009432,0.030200,0.020767,0.480584,1785
0085,raw,3,1/4,0,0.575628,0.764878,0.189250,0.552130,0.730419,0.023498,0.034459,0.010961,0.468105,1785
0085,centered,3,1/4,0,0.643586,0.795907,0.152321,0.622946,0.763086,0.020640,0.032822,0.012182,0.548043,1785
0091,raw,6,2/4,1,0.632471,0.683582,0.051111,0.495148,0.622077,0.137323,0.061504,-0.075819,0.360549,6065
0091,centered,6,2/4,1,0.685034,0.714907,0.029873,0.559391,0.657270,0.125643,0.057637,-0.068006,0.544574,6065
0091,raw,3,1/4,0,0.708862,0.682445,-0.026418,0.577365,0.633980,0.131497,0.048465,-0.083032,0.488039,6065
0091,centered,3,1/4,0,0.692542,0.747522,0.054980,0.597214,0.698143,0.095328,0.049380,-0.045948,0.599034,6065
0131,raw,6,2/4,1,0.620904,0.807504,0.186600,0.547265,0.760006,0.073639,0.047498,-0.026142,0.451032,5429
0131,centered,6,2/4,1,0.665179,0.801450,0.136271,0.588636,0.755322,0.076543,0.046127,-0.030416,0.525539,5429
0131,raw,3,1/4,0,0.708519,0.806068,0.097549,0.651604,0.777932,0.056915,0.028136,-0.028779,0.572358,5429
0131,centered,3,1/4,0,0.713447,0.832747,0.119300,0.666189,0.809255,0.047257,0.023491,-0.023766,0.601826,5429
0147,raw,6,2/4,1,0.528103,0.747096,0.218993,0.388391,0.639500,0.139712,0.107596,-0.032117,0.304686,6405
0147,centered,6,2/4,1,0.642731,0.740334,0.097603,0.481073,0.653843,0.161659,0.086491,-0.075168,0.501272,6405
0147,raw,3,1/4,0,0.627626,0.750773,0.123147,0.546556,0.662590,0.081070,0.088183,0.007112,0.454407,6405
0147,centered,3,1/4,0,0.676059,0.789195,0.113136,0.590268,0.715586,0.085791,0.073609,-0.012182,0.592086,6405
0196,raw,6,2/4,1,0.520399,0.663470,0.143071,0.338520,0.698816,0.181879,-0.035346,-0.217225,0.225445,0380
0196,centered,6,2/4,1,0.612066,0.693360,0.081294,0.466969,0.692547,0.145097,0.000813,-0.144283,0.430449,0380
0196,raw,3,1/4,0,0.631580,0.679893,0.048313,0.536026,0.696659,0.095554,-0.016766,-0.112321,0.422196,0380
0196,centered,3,1/4,0,0.655373,0.747584,0.092211,0.613550,0.737215,0.041822,0.010369,-0.031453,0.560669,0380
0209,raw,6,2/4,1,0.400744,0.620031,0.219287,0.234201,0.689604,0.166542,-0.069574,-0.236116,0.135606,4327
0209,centered,6,2/4,1,0.531803,0.656509,0.124706,0.410676,0.677468,0.121127,-0.020959,-0.142086,0.399700,4327
0209,raw,3,1/4,0,0.558916,0.649228,0.090313,0.465108,0.686513,0.093807,-0.037285,-0.131092,0.360236,4327
0209,centered,3,1/4,0,0.620767,0.720219,0.099452,0.596523,0.724734,0.024244,-0.004515,-0.028759,0.530191,4327
0214,raw,6,2/4,1,0.541217,0.733212,0.191995,0.439065,0.662227,0.102152,0.070985,-0.031168,0.317551,4374
0214,centered,6,2/4,1,0.619249,0.748559,0.129309,0.523132,0.658844,0.096118,0.089714,-0.006403,0.461797,4374
0214,raw,3,1/4,0,0.660634,0.769337,0.108703,0.558599,0.681915,0.102035,0.087422,-0.014613,0.489841,4374
0214,centered,3,1/4,0,0.694141,0.816914,0.122772,0.595815,0.735502,0.098326,0.081412,-0.016914,0.588409,4374
0217,raw,6,2/4,1,0.619367,0.831288,0.211921,0.618590,0.789763,0.000777,0.041525,0.040749,0.469965,4211
0217,centered,6,2/4,1,0.671884,0.809647,0.137763,0.671454,0.765225,0.000430,0.044422,0.043992,0.547862,4211
0217,raw,3,1/4,0,0.695165,0.815077,0.119911,0.677783,0.777695,0.017382,0.037382,0.020000,0.544047,4211
0217,centered,3,1/4,0,0.709836,0.833712,0.123876,0.691805,0.803605,0.018030,0.030106,0.012076,0.601769,4211
0225,raw,6,2/4,1,0.646506,0.844184,0.197679,0.644396,0.770803,0.002109,0.073381,0.071272,0.493329,3240
0225,centered,6,2/4,1,0.690595,0.812398,0.121803,0.680306,0.742412,0.010289,0.069986,0.059697,0.549696,3240
0225,raw,3,1/4,0,0.692122,0.839051,0.146929,0.684056,0.765406,0.008067,0.073645,0.065579,0.559363,3240
0225,centered,3,1/4,0,0.712452,0.848047,0.135595,0.684188,0.787739,0.028264,0.060308,0.032044,0.606354,3240
0232,raw,6,2/4,1,0.692873,0.823904,0.131031,0.654916,0.727540,0.037957,0.096363,0.058406,0.539610,2719
0232,centered,6,2/4,1,0.710881,0.801239,0.090358,0.670264,0.719921,0.040617,0.081318,0.040701,0.559158,2719
0232,raw,3,1/4,0,0.735963,0.816994,0.081032,0.701231,0.745661,0.034732,0.071333,0.036601,0.608878,2719
0232,centered,3,1/4,0,0.702404,0.840806,0.138402,0.671961,0.780742,0.030443,0.060064,0.029621,0.589913,2719
0247,raw,6,2/4,1,0.314636,0.755431,0.440795,0.228430,0.733195,0.086206,0.022236,-0.063970,0.170299,4826
0247,centered,6,2/4,1,0.463892,0.779105,0.315212,0.401341,0.726154,0.062551,0.052951,-0.009600,0.412919,4826
0247,raw,3,1/4,0,0.542217,0.745004,0.202787,0.470445,0.728849,0.071773,0.016155,-0.055618,0.404725,4826
0247,centered,3,1/4,0,0.632081,0.805550,0.173469,0.608329,0.765176,0.023751,0.040375,0.016623,0.553384,4826
0251,raw,6,2/4,1,0.765060,0.774682,0.009621,0.662355,0.833414,0.102706,-0.058733,-0.161439,0.594418,0704
0251,centered,6,2/4,1,0.743968,0.766863,0.022895,0.684746,0.797971,0.059222,-0.031108,-0.090330,0.598781,0704
0251,raw,3,1/4,0,0.800968,0.789965,-0.011003,0.702006,0.816208,0.098962,-0.026244,-0.125206,0.653839,0704
0251,centered,3,1/4,0,0.725056,0.826839,0.101783,0.690717,0.822961,0.034339,0.003879,-0.030461,0.625780,0704
0273,raw,6,2/4,1,0.739959,0.877732,0.137773,0.664198,0.624205,0.075761,0.253527,0.177766,0.635210,1285
0273,centered,6,2/4,1,0.744180,0.854304,0.110124,0.591314,0.639643,0.152866,0.214661,0.061795,0.622257,1285
0273,raw,3,1/4,0,0.753522,0.873123,0.119601,0.694712,0.651226,0.058810,0.221897,0.163088,0.661142,1285
0273,centered,3,1/4,0,0.722780,0.881960,0.159181,0.597172,0.710194,0.125608,0.171767,0.046159,0.618435,1285
0282,raw,6,2/4,1,0.591970,0.812137,0.220167,0.484104,0.793092,0.107866,0.019045,-0.088821,0.421908,4733
0282,centered,6,2/4,1,0.666856,0.791109,0.124254,0.571352,0.768489,0.095504,0.022620,-0.072883,0.540188,4733
0282,raw,3,1/4,0,0.639021,0.796649,0.157628,0.576371,0.741998,0.062649,0.054651,-0.007999,0.491648,4733
0282,centered,3,1/4,0,0.679622,0.820777,0.141155,0.619333,0.768126,0.060289,0.052651,-0.007639,0.593721,4733
0328,raw,6,2/4,1,0.585186,0.718512,0.133326,0.458779,0.818220,0.126407,-0.099709,-0.226116,0.345680,2503
0328,centered,6,2/4,1,0.644664,0.734842,0.090178,0.553472,0.807009,0.091193,-0.072167,-0.163359,0.478269,2503
0328,raw,3,1/4,0,0.675608,0.735071,0.059463,0.586266,0.815307,0.089342,-0.080237,-0.169579,0.500744,2503
0328,centered,3,1/4,0,0.680416,0.789546,0.109131,0.653275,0.839064,0.027140,-0.049518,-0.076658,0.583674,2503
0351,raw,6,2/4,1,0.537318,0.728220,0.190901,0.330172,0.708141,0.207146,0.020079,-0.187067,0.299227,1153
0351,centered,6,2/4,1,0.624326,0.747512,0.123187,0.446109,0.719300,0.178217,0.028212,-0.150005,0.504433,1153
0351,raw,3,1/4,0,0.681674,0.727750,0.046076,0.534957,0.704465,0.146717,0.023284,-0.123433,0.482201,1153
0351,centered,3,1/4,0,0.695972,0.784801,0.088829,0.596240,0.752374,0.099732,0.032427,-0.067305,0.601567,1153
0355,raw,6,2/4,1,0.410088,0.856057,0.445969,0.415905,0.792261,-0.005817,0.063796,0.069613,0.316090,6304
0355,centered,6,2/4,1,0.527550,0.819104,0.291554,0.521744,0.757084,0.005806,0.062021,0.056215,0.445585,6304
0355,raw,3,1/4,0,0.541098,0.820994,0.279896,0.532319,0.772795,0.008780,0.048199,0.039420,0.433776,6304
0355,centered,3,1/4,0,0.634188,0.839473,0.205285,0.623474,0.789181,0.010713,0.050292,0.039579,0.568453,6304
0378,raw,6,2/4,1,0.666526,0.767614,0.101087,0.593679,0.783891,0.072848,-0.016277,-0.089125,0.462676,2583
0378,centered,6,2/4,1,0.692241,0.760692,0.068451,0.636779,0.774709,0.055462,-0.014018,-0.069480,0.523971,2583
0378,raw,3,1/4,0,0.718485,0.775331,0.056846,0.680811,0.778417,0.037674,-0.003086,-0.040760,0.559128,2583
0378,centered,3,1/4,0,0.703108,0.807214,0.104106,0.677986,0.815605,0.025122,-0.008391,-0.033514,0.595692,2583
0380,raw,6,2/4,1,0.694767,0.773325,0.078558,0.595742,0.765944,0.099025,0.007381,-0.091644,0.491884,2868
0380,centered,6,2/4,1,0.713173,0.757687,0.044514,0.625568,0.755233,0.087605,0.002454,-0.085151,0.544059,2868
0380,raw,3,1/4,0,0.737928,0.794809,0.056882,0.671408,0.797514,0.066520,-0.002705,-0.069225,0.581136,2868
0380,centered,3,1/4,0,0.706200,0.828517,0.122317,0.668441,0.821584,0.037759,0.006933,-0.030826,0.602815,2868
0387,raw,6,2/4,1,0.556712,0.728519,0.171808,0.407003,0.751877,0.149708,-0.023357,-0.173065,0.324653,1493
0387,centered,6,2/4,1,0.638245,0.722706,0.084461,0.508452,0.739412,0.129793,-0.016706,-0.146499,0.465130,1493
0387,raw,3,1/4,0,0.651087,0.752784,0.101696,0.557720,0.759657,0.093367,-0.006874,-0.100241,0.473455,1493
0387,centered,3,1/4,0,0.692394,0.790792,0.098398,0.631290,0.789887,0.061105,0.000906,-0.060199,0.595930,1493
0394,raw,6,2/4,1,0.647324,0.826637,0.179312,0.618795,0.644687,0.028529,0.181950,0.153421,0.509303,4132
0394,centered,6,2/4,1,0.685440,0.814166,0.128726,0.599257,0.670128,0.086183,0.144038,0.057855,0.574876,4132
0394,raw,3,1/4,0,0.698691,0.806227,0.107536,0.671583,0.681730,0.027109,0.124498,0.097389,0.574325,4132
0394,centered,3,1/4,0,0.682294,0.838891,0.156596,0.622204,0.734930,0.060090,0.103960,0.043870,0.593195,4132
0406,raw,6,2/4,1,0.644518,0.744517,0.099999,0.508733,0.729216,0.135785,0.015301,-0.120484,0.420396,0073
0406,centered,6,2/4,1,0.684960,0.736910,0.051950,0.564227,0.720442,0.120733,0.016468,-0.104265,0.516515,0073
0406,raw,3,1/4,0,0.691968,0.747986,0.056018,0.621976,0.722128,0.069991,0.025857,-0.044134,0.537269,0073
0406,centered,3,1/4,0,0.695644,0.785707,0.090063,0.636890,0.770406,0.058754,0.015301,-0.043453,0.614169,0073
0486,raw,6,2/4,1,0.382496,0.760358,0.377863,0.312632,0.670843,0.069863,0.089515,0.019652,0.181097,1995
0486,centered,6,2/4,1,0.522159,0.775039,0.252880,0.454962,0.687399,0.067197,0.087639,0.020443,0.433982,1995
0486,raw,3,1/4,0,0.584958,0.725922,0.140964,0.523519,0.675640,0.061439,0.050282,-0.011157,0.393412,1995
0486,centered,3,1/4,0,0.653698,0.781865,0.128167,0.603457,0.727934,0.050241,0.053931,0.003690,0.566883,1995
0503,raw,6,2/4,1,0.421914,0.732360,0.310446,0.346124,0.659562,0.075789,0.072797,-0.002992,0.181917,0631
0503,centered,6,2/4,1,0.547778,0.750254,0.202475,0.479038,0.677145,0.068741,0.073109,0.004368,0.426535,0631
0503,raw,3,1/4,0,0.601566,0.723547,0.121981,0.523865,0.666638,0.077701,0.056909,-0.020792,0.417501,0631
0503,centered,3,1/4,0,0.651609,0.776038,0.124428,0.593520,0.715458,0.058090,0.060580,0.002490,0.568772,0631
0510,raw,6,2/4,1,0.523231,0.762299,0.239069,0.489863,0.628010,0.033368,0.134290,0.100922,0.337746,0503
0510,centered,6,2/4,1,0.591983,0.774454,0.182471,0.554294,0.637251,0.037689,0.137203,0.099514,0.487474,0503
0510,raw,3,1/4,0,0.639128,0.756901,0.117773,0.585645,0.634991,0.053483,0.121910,0.068426,0.469458,0503
0510,centered,3,1/4,0,0.658690,0.803268,0.144579,0.593204,0.698486,0.065485,0.104782,0.039297,0.572307,0503
0519,raw,6,2/4,1,0.601096,0.815961,0.214865,0.571474,0.815185,0.029622,0.000776,-0.028847,0.473115,4387
0519,centered,6,2/4,1,0.657732,0.793723,0.135992,0.633910,0.787127,0.023821,0.006596,-0.017225,0.553061,4387
0519,raw,3,1/4,0,0.682686,0.790673,0.107987,0.655526,0.794419,0.027161,-0.003746,-0.030907,0.554779,4387
0519,centered,3,1/4,0,0.701128,0.812783,0.111654,0.676962,0.812616,0.024166,0.000167,-0.023999,0.597750,4387
0524,raw,6,2/4,1,0.306400,0.793920,0.487520,0.273090,0.776186,0.033311,0.017735,-0.015576,0.146624,1003
0524,centered,6,2/4,1,0.467189,0.789861,0.322673,0.434125,0.767960,0.033064,0.021901,-0.011162,0.383665,1003
0524,raw,3,1/4,0,0.526286,0.793208,0.266923,0.509055,0.786645,0.017231,0.006563,-0.010668,0.402834,1003
0524,centered,3,1/4,0,0.636307,0.831777,0.195470,0.636762,0.816574,-0.000455,0.015203,0.015658,0.579829,1003
0568,raw,6,2/4,1,0.357276,0.682805,0.325529,0.306989,0.680331,0.050286,0.002474,-0.047813,0.138228,3963
0568,centered,6,2/4,1,0.493619,0.691972,0.198353,0.473753,0.660122,0.019866,0.031850,0.011984,0.379351,3963
0568,raw,3,1/4,0,0.530173,0.716035,0.185862,0.490208,0.710730,0.039965,0.005305,-0.034660,0.374110,3963
0568,centered,3,1/4,0,0.608157,0.763634,0.155477,0.600324,0.742539,0.007832,0.021095,0.013262,0.539666,3963
0592,raw,6,2/4,1,0.327090,0.875515,0.548425,0.505253,0.541874,-0.178162,0.333641,0.511803,0.258075,5855
0592,centered,6,2/4,1,0.471030,0.850432,0.379402,0.564000,0.569044,-0.092970,0.281388,0.374358,0.448665,5855
0592,raw,3,1/4,0,0.536332,0.831756,0.295424,0.596625,0.569411,-0.060292,0.262345,0.322637,0.440766,5855
0592,centered,3,1/4,0,0.652025,0.844187,0.192162,0.600762,0.651214,0.051262,0.192973,0.141711,0.586453,5855
0593,raw,6,2/4,1,0.362729,0.733297,0.370568,0.264823,0.637785,0.097907,0.095512,-0.002395,0.152667,1227
0593,centered,6,2/4,1,0.504367,0.745905,0.241537,0.440744,0.617514,0.063624,0.128391,0.064767,0.391194,1227
0593,raw,3,1/4,0,0.571261,0.734585,0.163324,0.476999,0.676764,0.094262,0.057821,-0.036441,0.412752,1227
0593,centered,3,1/4,0,0.652779,0.787652,0.134873,0.605792,0.719290,0.046987,0.068362,0.021375,0.573090,1227
0631,raw,6,2/4,1,0.339685,0.734849,0.395164,0.247186,0.750932,0.092499,-0.016083,-0.108582,0.140678,2055
0631,centered,6,2/4,1,0.495640,0.765653,0.270012,0.426224,0.749518,0.069417,0.016134,-0.053282,0.417716,2055
0631,raw,3,1/4,0,0.526361,0.735219,0.208858,0.464924,0.740977,0.061437,-0.005758,-0.067195,0.376585,2055
0631,centered,3,1/4,0,0.629701,0.781501,0.151800,0.597996,0.774459,0.031705,0.007042,-0.024663,0.554942,2055
0681,raw,6,2/4,1,0.600216,0.880526,0.280310,0.539345,0.689548,0.060871,0.190978,0.130107,0.541458,6639
0681,centered,6,2/4,1,0.639659,0.855513,0.215854,0.557727,0.671558,0.081932,0.183954,0.102022,0.581466,6639
0681,raw,3,1/4,0,0.677189,0.848434,0.171246,0.604175,0.680056,0.073014,0.168378,0.095365,0.609256,6639
0681,centered,3,1/4,0,0.704126,0.852226,0.148100,0.594013,0.712577,0.110113,0.139649,0.029536,0.601032,6639
0683,raw,6,2/4,1,0.614242,0.840556,0.226314,0.546623,0.784407,0.067619,0.056149,-0.011469,0.469954,3428
0683,centered,6,2/4,1,0.668013,0.811115,0.143102,0.580745,0.783049,0.087269,0.028066,-0.059203,0.537899,3428
0683,raw,3,1/4,0,0.684141,0.811765,0.127623,0.627617,0.771463,0.056525,0.040301,-0.016223,0.540347,3428
0683,centered,3,1/4,0,0.687328,0.833694,0.146366,0.621058,0.809312,0.066270,0.024382,-0.041888,0.586942,3428
0687,raw,6,2/4,1,0.457554,0.743870,0.286315,0.316992,0.787038,0.140563,-0.043168,-0.183731,0.245599,3819
0687,centered,6,2/4,1,0.564534,0.749112,0.184578,0.459494,0.748627,0.105040,0.000485,-0.104556,0.427250,3819
0687,raw,3,1/4,0,0.603183,0.749808,0.146626,0.535168,0.768718,0.068015,-0.018910,-0.086925,0.442685,3819
0687,centered,3,1/4,0,0.650063,0.793099,0.143036,0.633505,0.786444,0.016557,0.006655,-0.009902,0.566318,3819
0704,raw,6,2/4,1,0.706776,0.864483,0.157708,0.626989,0.794768,0.079787,0.069715,-0.010072,0.585919,3498
0704,centered,6,2/4,1,0.726637,0.830381,0.103744,0.636359,0.775086,0.090278,0.055295,-0.034983,0.601790,3498
0704,raw,3,1/4,0,0.728305,0.848996,0.120692,0.682445,0.770024,0.045860,0.078972,0.033112,0.635515,3498
0704,centered,3,1/4,0,0.714987,0.849977,0.134991,0.648517,0.787410,0.066470,0.062567,-0.003903,0.616432,3498
0721,raw,6,2/4,1,0.285929,0.814553,0.528624,0.365094,0.670093,-0.079165,0.144459,0.223625,0.192063,4787
0721,centered,6,2/4,1,0.441477,0.795198,0.353721,0.507507,0.675872,-0.066030,0.119326,0.185356,0.420787,4787
0721,raw,3,1/4,0,0.485452,0.804279,0.318828,0.547425,0.701650,-0.061973,0.102629,0.164602,0.421211,4787
0721,centered,3,1/4,0,0.628003,0.824517,0.196514,0.639277,0.752697,-0.011274,0.071820,0.083094,0.579261,4787
0726,raw,6,2/4,1,0.548280,0.820675,0.272395,0.569849,0.731666,-0.021569,0.089010,0.110579,0.396305,2350
0726,centered,6,2/4,1,0.614581,0.815109,0.200528,0.634226,0.719856,-0.019644,0.095253,0.114898,0.500330,2350
0726,raw,3,1/4,0,0.656595,0.826061,0.169466,0.651293,0.737945,0.005301,0.088116,0.082815,0.527823,2350
0726,centered,3,1/4,0,0.685109,0.851791,0.166682,0.668953,0.768739,0.016156,0.083051,0.066895,0.591620,2350
0729,raw,6,2/4,1,0.478708,0.823082,0.344374,0.481089,0.790731,-0.002382,0.032351,0.034733,0.376548,0232
0729,centered,6,2/4,1,0.574968,0.809746,0.234778,0.568335,0.774570,0.006633,0.035176,0.028543,0.489620,0232
0729,raw,3,1/4,0,0.613638,0.811122,0.197484,0.601506,0.795235,0.012133,0.015887,0.003754,0.523274,0232
0729,centered,3,1/4,0,0.678084,0.840059,0.161974,0.655496,0.825110,0.022588,0.014948,-0.007640,0.599949,0232
0731,raw,6,2/4,1,0.776467,0.782316,0.005850,0.723396,0.761121,0.053070,0.021196,-0.031875,0.578625,3861
0731,centered,6,2/4,1,0.763703,0.764014,0.000310,0.711918,0.748480,0.051785,0.015534,-0.036252,0.568415,3861
0731,raw,3,1/4,0,0.802579,0.798026,-0.004553,0.760369,0.764744,0.042210,0.033282,-0.008928,0.641170,3861
0731,centered,3,1/4,0,0.744217,0.824497,0.080280,0.698770,0.800003,0.045447,0.024494,-0.020953,0.611586,3861
0774,raw,6,2/4,1,0.500663,0.830774,0.330111,0.411579,0.777591,0.089084,0.053182,-0.035902,0.334641,4589
0774,centered,6,2/4,1,0.592784,0.810317,0.217533,0.509645,0.756304,0.083138,0.054013,-0.029126,0.469714,4589
0774,raw,3,1/4,0,0.630656,0.816327,0.185671,0.568223,0.744215,0.062433,0.072112,0.009679,0.504711,4589
0774,centered,3,1/4,0,0.677848,0.837023,0.159176,0.616727,0.775536,0.061121,0.061487,0.000367,0.604460,4589
0777,raw,6,2/4,1,0.688686,0.866757,0.178071,0.660381,0.643363,0.028305,0.223394,0.195089,0.635725,0902
0777,centered,6,2/4,1,0.698731,0.845412,0.146681,0.602299,0.659399,0.096432,0.186014,0.089582,0.629969,0902
0777,raw,3,1/4,0,0.760749,0.846480,0.085731,0.710087,0.646700,0.050662,0.199781,0.149119,0.678521,0902
0777,centered,3,1/4,0,0.723687,0.853134,0.129446,0.594553,0.709400,0.129134,0.143734,0.014600,0.593176,0902
0785,raw,6,2/4,1,0.647354,0.719601,0.072247,0.572729,0.732819,0.074625,-0.013218,-0.087843,0.388656,6521
0785,centered,6,2/4,1,0.683603,0.715027,0.031423,0.643672,0.706735,0.039931,0.008292,-0.031639,0.479725,6521
0785,raw,3,1/4,0,0.715641,0.745891,0.030250,0.668347,0.756224,0.047294,-0.010333,-0.057627,0.523781,6521
0785,centered,3,1/4,0,0.703460,0.788471,0.085012,0.681576,0.783846,0.021883,0.004625,-0.017258,0.592147,6521
0789,raw,6,2/4,1,0.744493,0.773438,0.028945,0.627977,0.730396,0.116516,0.043042,-0.073475,0.547078,3026
0789,centered,6,2/4,1,0.740647,0.755660,0.015013,0.625504,0.720728,0.115143,0.034932,-0.080210,0.567613,3026
0789,raw,3,1/4,0,0.762933,0.783686,0.020753,0.672039,0.723855,0.090894,0.059830,-0.031064,0.597929,3026
0789,centered,3,1/4,0,0.721737,0.814802,0.093065,0.640655,0.759509,0.081082,0.055293,-0.025789,0.616623,3026
0802,raw,6,2/4,1,0.676584,0.854994,0.178410,0.614504,0.652112,0.062080,0.202882,0.140802,0.538290,4658
0802,centered,6,2/4,1,0.710418,0.824305,0.113887,0.608694,0.648203,0.101724,0.176102,0.074378,0.570506,4658
0802,raw,3,1/4,0,0.710394,0.840869,0.130475,0.664827,0.658220,0.045567,0.182649,0.137082,0.589612,4658
0802,centered,3,1/4,0,0.705340,0.851066,0.145726,0.619747,0.707415,0.085593,0.143651,0.058057,0.602023,4658
0806,raw,6,2/4,1,0.377655,0.733359,0.355704,0.289427,0.631748,0.088228,0.101611,0.013383,0.163227,3247
0806,centered,6,2/4,1,0.521405,0.744274,0.222869,0.440858,0.634637,0.080547,0.109637,0.029090,0.411067,3247
0806,raw,3,1/4,0,0.566965,0.720448,0.153483,0.486170,0.644819,0.080795,0.075629,-0.005166,0.401108,3247
0806,centered,3,1/4,0,0.635636,0.773781,0.138145,0.562178,0.699110,0.073459,0.074671,0.001213,0.559963,3247
0844,raw,6,2/4,1,0.761564,0.862025,0.100461,0.583638,0.603548,0.177926,0.258478,0.080552,0.663259,3187
0844,centered,6,2/4,1,0.747676,0.842746,0.095071,0.518727,0.589321,0.228949,0.253425,0.024476,0.629555,3187
0844,raw,3,1/4,0,0.793369,0.855538,0.062169,0.600175,0.627872,0.193194,0.227666,0.034472,0.706412,3187
0844,centered,3,1/4,0,0.731780,0.871789,0.140008,0.522803,0.677794,0.208978,0.193994,-0.014983,0.626235,3187
0853,raw,6,2/4,1,0.426719,0.764234,0.337515,0.364563,0.757189,0.062156,0.007045,-0.055111,0.221656,1993
0853,centered,6,2/4,1,0.545318,0.766055,0.220738,0.489735,0.751534,0.055582,0.014522,-0.041061,0.416237,1993
0853,raw,3,1/4,0,0.605793,0.786947,0.181154,0.561270,0.777529,0.044523,0.009418,-0.035105,0.454823,1993
0853,centered,3,1/4,0,0.660579,0.824060,0.163481,0.626957,0.817784,0.033622,0.006276,-0.027346,0.576156,1993
0856,raw,6,2/4,1,0.628887,0.793811,0.164924,0.473824,0.739608,0.155063,0.054203,-0.100860,0.446709,2819
0856,centered,6,2/4,1,0.674128,0.789173,0.115045,0.524307,0.722477,0.149822,0.066696,-0.083125,0.526596,2819
0856,raw,3,1/4,0,0.696981,0.815922,0.118941,0.571959,0.736598,0.125022,0.079324,-0.045698,0.559406,2819
0856,centered,3,1/4,0,0.699750,0.844881,0.145131,0.604877,0.762791,0.094873,0.082090,-0.012783,0.606442,2819
0864,raw,6,2/4,1,0.361886,0.740639,0.378753,0.251602,0.784688,0.110284,-0.044049,-0.154333,0.212170,2130
0864,centered,6,2/4,1,0.504213,0.747667,0.243454,0.424923,0.768707,0.079290,-0.021041,-0.100330,0.454843,2130
0864,raw,3,1/4,0,0.559376,0.715366,0.155990,0.482109,0.764746,0.077267,-0.049380,-0.126647,0.421290,2130
0864,centered,3,1/4,0,0.636401,0.755639,0.119238,0.595706,0.784565,0.040695,-0.028926,-0.069621,0.539195,2130
0876,raw,6,2/4,1,0.379267,0.810115,0.430848,0.253692,0.752226,0.125575,0.057889,-0.067685,0.217611,0225
0876,centered,6,2/4,1,0.516812,0.800037,0.283225,0.408845,0.717217,0.107967,0.082820,-0.025147,0.439401,0225
0876,raw,3,1/4,0,0.563654,0.772348,0.208693,0.461180,0.747055,0.102474,0.025292,-0.077182,0.425335,0225
0876,centered,3,1/4,0,0.657510,0.804400,0.146890,0.592071,0.759628,0.065439,0.044772,-0.020667,0.587159,0225
0902,raw,6,2/4,1,0.647892,0.713707,0.065815,0.477611,0.679129,0.170282,0.034578,-0.135703,0.390336,0486
0902,centered,6,2/4,1,0.686670,0.730988,0.044319,0.541693,0.691954,0.144977,0.039035,-0.105942,0.504750,0486
0902,raw,3,1/4,0,0.730773,0.721529,-0.009244,0.606175,0.676297,0.124598,0.045232,-0.079366,0.513916,0486
0902,centered,3,1/4,0,0.703376,0.782753,0.079377,0.606496,0.741225,0.096880,0.041528,-0.055352,0.575053,0486
0922,raw,6,2/4,1,0.441967,0.727212,0.285245,0.223145,0.688064,0.218822,0.039147,-0.179675,0.194652,3900
0922,centered,6,2/4,1,0.567789,0.744348,0.176558,0.392924,0.647896,0.174865,0.096452,-0.078413,0.436823,3900
0922,raw,3,1/4,0,0.601187,0.713261,0.112073,0.425515,0.648193,0.175672,0.065067,-0.110605,0.410707,3900
0922,centered,3,1/4,0,0.666603,0.766645,0.100042,0.555649,0.673226,0.110954,0.093419,-0.017535,0.572951,3900
0959,raw,6,2/4,1,0.770021,0.808682,0.038662,0.694201,0.752809,0.075819,0.055873,-0.019946,0.602968,4702
0959,centered,6,2/4,1,0.765764,0.792667,0.026902,0.681149,0.728133,0.084615,0.064534,-0.020081,0.570378,4702
0959,raw,3,1/4,0,0.778925,0.805285,0.026360,0.728930,0.757676,0.049995,0.047609,-0.002385,0.648589,4702
0959,centered,3,1/4,0,0.733728,0.821118,0.087390,0.678217,0.788462,0.055511,0.032656,-0.022855,0.587895,4702
0977,raw,6,2/4,1,0.398804,0.710251,0.311447,0.206838,0.714454,0.191967,-0.004202,-0.196169,0.193853,2873
0977,centered,6,2/4,1,0.544008,0.737079,0.193071,0.382952,0.699886,0.161056,0.037193,-0.123863,0.456243,2873
0977,raw,3,1/4,0,0.553668,0.715997,0.162329,0.443176,0.690730,0.110492,0.025267,-0.085225,0.405443,2873
0977,centered,3,1/4,0,0.634241,0.757588,0.123347,0.572268,0.719459,0.061972,0.038129,-0.023843,0.557875,2873
0979,raw,6,2/4,1,0.329013,0.803670,0.474657,0.338587,0.706001,-0.009574,0.097668,0.107243,0.231643,2066
0979,centered,6,2/4,1,0.478225,0.796932,0.318707,0.474221,0.707381,0.004004,0.089552,0.085548,0.454776,2066
0979,raw,3,1/4,0,0.534039,0.760318,0.226279,0.531892,0.710047,0.002147,0.050271,0.048123,0.428909,2066
0979,centered,3,1/4,0,0.639797,0.791176,0.151379,0.618083,0.756080,0.021714,0.035097,0.013383,0.582516,2066
1003,raw,6,2/4,1,0.596215,0.834214,0.237999,0.548694,0.795165,0.047521,0.039048,-0.008473,0.448596,6324
1003,centered,6,2/4,1,0.650215,0.819074,0.168859,0.618223,0.765681,0.031992,0.053393,0.021401,0.523935,6324
1003,raw,3,1/4,0,0.674940,0.817735,0.142795,0.615558,0.814684,0.059382,0.003051,-0.056331,0.548779,6324
1003,centered,3,1/4,0,0.701648,0.841870,0.140222,0.661508,0.830738,0.040140,0.011132,-0.029008,0.600173,6324
1008,raw,6,2/4,1,0.356910,0.774753,0.417843,0.272749,0.714075,0.084161,0.060678,-0.023483,0.200504,4480
1008,centered,6,2/4,1,0.494856,0.763326,0.268469,0.418127,0.697991,0.076729,0.065334,-0.011395,0.428560,4480
1008,raw,3,1/4,0,0.552820,0.745584,0.192764,0.500287,0.685118,0.052533,0.060466,0.007933,0.407961,4480
1008,centered,3,1/4,0,0.650423,0.774556,0.124132,0.600149,0.718969,0.050275,0.055587,0.005312,0.559523,4480
1012,raw,6,2/4,1,0.687012,0.660253,-0.026759,0.518334,0.750425,0.168678,-0.090172,-0.258850,0.469992,1749
1012,centered,6,2/4,1,0.679196,0.683293,0.004097,0.568502,0.733678,0.110694,-0.050385,-0.161080,0.558554,1749
1012,raw,3,1/4,0,0.723024,0.680496,-0.042528,0.597961,0.754729,0.125063,-0.074233,-0.199296,0.541340,1749
1012,centered,3,1/4,0,0.667979,0.740641,0.072662,0.621656,0.779188,0.046322,-0.038547,-0.084869,0.598947,1749
1051,raw,6,2/4,1,0.566277,0.876135,0.309858,0.600971,0.733512,-0.034694,0.142623,0.177317,0.488354,5456
1051,centered,6,2/4,1,0.619654,0.863152,0.243498,0.634452,0.723433,-0.014798,0.139719,0.154517,0.539566,5456
1051,raw,3,1/4,0,0.625754,0.860604,0.234850,0.652497,0.738864,-0.026743,0.121740,0.148483,0.555904,5456
1051,centered,3,1/4,0,0.634944,0.873560,0.238615,0.630624,0.778152,0.004321,0.095407,0.091087,0.537438,5456
1076,raw,6,2/4,1,0.487051,0.675724,0.188673,0.257663,0.728542,0.229388,-0.052818,-0.282206,0.192768,2767
1076,centered,6,2/4,1,0.602690,0.702099,0.099409,0.406574,0.716836,0.196116,-0.014738,-0.210854,0.436668,2767
1076,raw,3,1/4,0,0.619007,0.672254,0.053247,0.494444,0.721810,0.124563,-0.049556,-0.174119,0.409984,2767
1076,centered,3,1/4,0,0.656874,0.737718,0.080845,0.608112,0.760624,0.048762,-0.022905,-0.071667,0.572215,2767
1117,raw,6,2/4,1,0.559015,0.670605,0.111590,0.417269,0.673423,0.141746,-0.002818,-0.144565,0.298522,5566
1117,centered,6,2/4,1,0.621222,0.697868,0.076646,0.508443,0.684666,0.112779,0.013201,-0.099578,0.461706,5566
1117,raw,3,1/4,0,0.672064,0.697204,0.025140,0.529352,0.686988,0.142712,0.010216,-0.132496,0.480532,5566
1117,centered,3,1/4,0,0.669621,0.761764,0.092143,0.595330,0.725457,0.074291,0.036307,-0.037984,0.577982,5566
1153,raw,6,2/4,1,0.531234,0.771217,0.239983,0.382432,0.736377,0.148802,0.034840,-0.113962,0.365105,4823
1153,centered,6,2/4,1,0.612986,0.777291,0.164305,0.489224,0.712856,0.123762,0.064436,-0.059326,0.512500,4823
1153,raw,3,1/4,0,0.649477,0.758182,0.108705,0.528975,0.719267,0.120502,0.038915,-0.081587,0.505190,4823
1153,centered,3,1/4,0,0.679361,0.798872,0.119511,0.611164,0.745135,0.068197,0.053737,-0.014460,0.581844,4823
1179,raw,6,2/4,1,0.722521,0.842803,0.120282,0.644140,0.651202,0.078381,0.191601,0.113219,0.583065,1910
1179,centered,6,2/4,1,0.736894,0.822885,0.085991,0.604537,0.648466,0.132357,0.174420,0.042062,0.594006,1910
1179,raw,3,1/4,0,0.774473,0.841008,0.066534,0.700104,0.690777,0.074370,0.150230,0.075860,0.648922,1910
1179,centered,3,1/4,0,0.730156,0.860556,0.130400,0.611555,0.738639,0.118600,0.121917,0.003316,0.616518,1910
1203,raw,6,2/4,1,0.268998,0.897617,0.628620,0.317916,0.749719,-0.048918,0.147898,0.196816,0.182657,4297
1203,centered,6,2/4,1,0.433381,0.875812,0.442431,0.475225,0.726808,-0.041844,0.149004,0.190849,0.410579,4297
1203,raw,3,1/4,0,0.523693,0.851017,0.327324,0.517570,0.750652,0.006123,0.100365,0.094243,0.430476,4297
1203,centered,3,1/4,0,0.643077,0.867788,0.224711,0.624888,0.771825,0.018189,0.095963,0.077774,0.585031,4297
1227,raw,6,2/4,1,0.393974,0.763841,0.369867,0.225769,0.737937,0.168205,0.025904,-0.142301,0.199331,1203
1227,centered,6,2/4,1,0.532021,0.751381,0.219360,0.381043,0.700913,0.150978,0.050468,-0.100510,0.428293,1203
1227,raw,3,1/4,0,0.585250,0.746003,0.160753,0.456595,0.665771,0.128655,0.080233,-0.048423,0.414527,1203
1227,centered,3,1/4,0,0.670592,0.782960,0.112368,0.573601,0.696540,0.096991,0.086420,-0.010571,0.578083,1203
1235,raw,6,2/4,1,0.533689,0.743681,0.209991,0.471236,0.751684,0.062453,-0.008003,-0.070456,0.321758,1282
1235,centered,6,2/4,1,0.605707,0.751783,0.146076,0.552165,0.755576,0.053542,-0.003792,-0.057334,0.475667,1282
1235,raw,3,1/4,0,0.637908,0.755654,0.117746,0.615515,0.749457,0.022393,0.006197,-0.016197,0.489170,1282
1235,centered,3,1/4,0,0.662049,0.797761,0.135712,0.656723,0.791090,0.005325,0.006671,0.001345,0.588867,1282
1244,raw,6,2/4,1,0.366237,0.819130,0.452893,0.329836,0.718490,0.036401,0.100640,0.064240,0.232788,3458
1244,centered,6,2/4,1,0.504928,0.811434,0.306507,0.475788,0.699243,0.029140,0.112192,0.083051,0.444040,3458
1244,raw,3,1/4,0,0.571862,0.794139,0.222278,0.521646,0.714470,0.050216,0.079669,0.029453,0.442391,3458
1244,centered,3,1/4,0,0.653297,0.832471,0.179173,0.642450,0.746445,0.010848,0.086025,0.075178,0.577301,3458
1272,raw,6,2/4,1,0.785996,0.748481,-0.037515,0.659741,0.673853,0.126255,0.074628,-0.051627,0.576603,0593
1272,centered,6,2/4,1,0.762814,0.747307,-0.015507,0.623703,0.677315,0.139110,0.069991,-0.069119,0.591621,0593
1272,raw,3,1/4,0,0.813225,0.755737,-0.057488,0.732197,0.676591,0.081028,0.079146,-0.001882,0.635005,0593
1272,centered,3,1/4,0,0.742292,0.796084,0.053792,0.647506,0.732832,0.094787,0.063252,-0.031535,0.627383,0593
1276,raw,6,2/4,1,0.345157,0.714654,0.369497,0.371351,0.628667,-0.026194,0.085987,0.112181,0.129662,0196
1276,centered,6,2/4,1,0.499603,0.741319,0.241715,0.522732,0.657129,-0.023128,0.084190,0.107318,0.398257,0196
1276,raw,3,1/4,0,0.524638,0.713665,0.189027,0.516117,0.646120,0.008521,0.067546,0.059024,0.358899,0196
1276,centered,3,1/4,0,0.608908,0.772805,0.163897,0.593978,0.715725,0.014930,0.057081,0.042151,0.533513,0196
1282,raw,6,2/4,1,0.406054,0.779873,0.373819,0.320367,0.807372,0.085687,-0.027499,-0.113186,0.211646,1788
1282,centered,6,2/4,1,0.521805,0.778959,0.257153,0.471739,0.773495,0.050066,0.005463,-0.044603,0.413884,1788
1282,raw,3,1/4,0,0.593841,0.783392,0.189551,0.532368,0.791581,0.061473,-0.008189,-0.069662,0.443403,1788
1282,centered,3,1/4,0,0.660648,0.824660,0.164012,0.639767,0.814679,0.020881,0.009982,-0.010899,0.589574,1788
1285,raw,6,2/4,1,0.471895,0.685241,0.213346,0.259862,0.712145,0.212032,-0.026904,-0.238936,0.245259,6494
1285,centered,6,2/4,1,0.577016,0.716963,0.139947,0.415511,0.687670,0.161505,0.029293,-0.132212,0.461356,6494
1285,raw,3,1/4,0,0.632493,0.708640,0.076146,0.485506,0.692596,0.146987,0.016043,-0.130944,0.444274,6494
1285,centered,3,1/4,0,0.673969,0.768676,0.094707,0.590205,0.726849,0.083764,0.041827,-0.041937,0.573102,6494
1302,raw,6,2/4,1,0.367463,0.888820,0.521357,0.379815,0.749563,-0.012352,0.139257,0.151610,0.270379,2139
1302,centered,6,2/4,1,0.498401,0.866375,0.367973,0.503581,0.737095,-0.005180,0.129280,0.134459,0.463277,2139
1302,raw,3,1/4,0,0.533631,0.862896,0.329266,0.543446,0.738276,-0.009815,0.124620,0.134435,0.453264,2139
1302,centered,3,1/4,0,0.646738,0.869715,0.222977,0.634388,0.771707,0.012350,0.098008,0.085658,0.598910,2139
1338,raw,6,2/4,1,0.432927,0.773212,0.340285,0.290665,0.810339,0.142262,-0.037127,-0.179390,0.221335,1461
1338,centered,6,2/4,1,0.556747,0.780565,0.223818,0.454110,0.788253,0.102637,-0.007688,-0.110325,0.451616,1461
1338,raw,3,1/4,0,0.596226,0.765927,0.169701,0.490411,0.781895,0.105815,-0.015968,-0.121783,0.420181,1461
1338,centered,3,1/4,0,0.671452,0.803269,0.131817,0.618547,0.800666,0.052905,0.002602,-0.050303,0.582307,1461
1365,raw,6,2/4,1,0.550257,0.734557,0.184299,0.556914,0.659070,-0.006657,0.075487,0.082144,0.323626,2442
1365,centered,6,2/4,1,0.627090,0.748407,0.121318,0.624126,0.686518,0.002964,0.061889,0.058925,0.482357,2442
1365,raw,3,1/4,0,0.646279,0.745201,0.098922,0.672423,0.696209,-0.026144,0.048992,0.075136,0.482198,2442
1365,centered,3,1/4,0,0.673160,0.789594,0.116433,0.684618,0.755112,-0.011458,0.034481,0.045939,0.572763,2442
1380,raw,6,2/4,1,0.557644,0.805736,0.248092,0.513623,0.567200,0.044022,0.238536,0.194514,0.372230,5599
1380,centered,6,2/4,1,0.636786,0.794769,0.157984,0.544265,0.592393,0.092521,0.202376,0.109855,0.503631,5599
1380,raw,3,1/4,0,0.652765,0.803358,0.150593,0.603693,0.599569,0.049071,0.203789,0.154717,0.498250,5599
1380,centered,3,1/4,0,0.695407,0.831028,0.135621,0.593843,0.677473,0.101564,0.153555,0.051991,0.604379,5599
1460,raw,6,2/4,1,0.495014,0.751382,0.256368,0.369224,0.703555,0.125790,0.047827,-0.077963,0.243259,5174
1460,centered,6,2/4,1,0.607135,0.758626,0.151491,0.489588,0.702198,0.117548,0.056429,-0.061119,0.461250,5174
1460,raw,3,1/4,0,0.612753,0.735183,0.122430,0.559884,0.678500,0.052869,0.056683,0.003814,0.432794,5174
1460,centered,3,1/4,0,0.675424,0.776303,0.100879,0.615072,0.734554,0.060351,0.041748,-0.018603,0.589579,5174
1461,raw,6,2/4,1,0.293583,0.824609,0.531026,0.229160,0.664786,0.064423,0.159823,0.095400,0.159038,5673
1461,centered,6,2/4,1,0.466048,0.802942,0.336894,0.380327,0.632297,0.085721,0.170645,0.084923,0.413542,5673
1461,raw,3,1/4,0,0.503913,0.800658,0.296745,0.459214,0.668675,0.044699,0.131983,0.087284,0.379794,5673
1461,centered,3,1/4,0,0.636761,0.820189,0.183428,0.572738,0.700137,0.064023,0.120052,0.056029,0.571687,5673
1474,raw,6,2/4,1,0.720046,0.831775,0.111729,0.562137,0.734056,0.157909,0.097719,-0.060190,0.554131,6310
1474,centered,6,2/4,1,0.734784,0.813587,0.078803,0.589326,0.697037,0.145458,0.116549,-0.028909,0.574735,6310
1474,raw,3,1/4,0,0.753130,0.823745,0.070615,0.632778,0.722331,0.120352,0.101414,-0.018939,0.628779,6310
1474,centered,3,1/4,0,0.734215,0.838030,0.103816,0.619186,0.746248,0.115029,0.091782,-0.023247,0.620802,6310
1493,raw,6,2/4,1,0.363979,0.817657,0.453679,0.370470,0.745059,-0.006492,0.072598,0.079090,0.242824,3732
1493,centered,6,2/4,1,0.499442,0.812469,0.313027,0.496375,0.758479,0.003067,0.053990,0.050923,0.452706,3732
1493,raw,3,1/4,0,0.552368,0.788693,0.236324,0.541711,0.736634,0.010657,0.052059,0.041402,0.435823,3732
1493,centered,3,1/4,0,0.645995,0.812012,0.166017,0.618236,0.776268,0.027759,0.035744,0.007985,0.574084,3732
1501,raw,6,2/4,1,0.500693,0.827730,0.327037,0.521001,0.624974,-0.020307,0.202757,0.223064,0.384360,0977
1501,centered,6,2/4,1,0.583299,0.816971,0.233672,0.577472,0.638639,0.005827,0.178332,0.172505,0.505287,0977
1501,raw,3,1/4,0,0.634256,0.818272,0.184016,0.591008,0.661612,0.043247,0.156660,0.113413,0.519563,0977
1501,centered,3,1/4,0,0.665859,0.843128,0.177269,0.603036,0.703394,0.062824,0.139734,0.076910,0.575471,0977
1534,raw,6,2/4,1,0.782262,0.864845,0.082583,0.554667,0.744208,0.227595,0.120637,-0.106958,0.674517,1983
1534,centered,6,2/4,1,0.760049,0.850486,0.090437,0.535807,0.714142,0.224241,0.136343,-0.087898,0.643157,1983
1534,raw,3,1/4,0,0.811723,0.853776,0.042053,0.602784,0.718885,0.208939,0.134891,-0.074048,0.716355,1983
1534,centered,3,1/4,0,0.730418,0.873937,0.143519,0.575383,0.739009,0.155034,0.134928,-0.020106,0.621522,1983
1539,raw,6,2/4,1,0.622102,0.854044,0.231942,0.611964,0.731061,0.010139,0.122983,0.112845,0.484632,0510
1539,centered,6,2/4,1,0.676268,0.832431,0.156163,0.630319,0.743478,0.045949,0.088953,0.043004,0.562593,0510
1539,raw,3,1/4,0,0.691450,0.839032,0.147583,0.680233,0.733515,0.011217,0.105517,0.094300,0.562488,0510
1539,centered,3,1/4,0,0.707991,0.855043,0.147052,0.665491,0.779887,0.042500,0.075156,0.032655,0.613602,0510
1574,raw,6,2/4,1,0.390241,0.748680,0.358438,0.310230,0.770611,0.080012,-0.021931,-0.101943,0.230243,2120
1574,centered,6,2/4,1,0.520382,0.748071,0.227689,0.459729,0.748960,0.060653,-0.000889,-0.061542,0.446831,2120
1574,raw,3,1/4,0,0.577049,0.725042,0.147993,0.510526,0.753382,0.066523,-0.028340,-0.094863,0.420798,2120
1574,centered,3,1/4,0,0.653011,0.769561,0.116550,0.616451,0.778965,0.036560,-0.009404,-0.045964,0.579351,2120
1575,raw,6,2/4,1,0.647887,0.864719,0.216832,0.564996,0.602483,0.082891,0.262236,0.179345,0.520110,5225
1575,centered,6,2/4,1,0.687199,0.836918,0.149718,0.556773,0.611724,0.130426,0.225193,0.094767,0.566105,5225
1575,raw,3,1/4,0,0.708142,0.825496,0.117354,0.620481,0.625973,0.087660,0.199522,0.111862,0.573800,5225
1575,centered,3,1/4,0,0.704528,0.841319,0.136791,0.575506,0.687340,0.129022,0.153978,0.024956,0.599776,5225
1650,raw,6,2/4,1,0.536015,0.764947,0.228932,0.427376,0.792253,0.108638,-0.027307,-0.135945,0.330814,2223
1650,centered,6,2/4,1,0.609723,0.762254,0.152531,0.528938,0.771666,0.080785,-0.009412,-0.090197,0.471701,2223
1650,raw,3,1/4,0,0.637529,0.769561,0.132031,0.560677,0.789003,0.076853,-0.019442,-0.096295,0.469862,2223
1650,centered,3,1/4,0,0.672658,0.808864,0.136206,0.631092,0.812819,0.041567,-0.003955,-0.045522,0.584187,2223
1732,raw,6,2/4,1,0.564310,0.675734,0.111424,0.329457,0.740052,0.234853,-0.064319,-0.299172,0.263716,0394
1732,centered,6,2/4,1,0.638213,0.710022,0.071808,0.466101,0.724117,0.172112,-0.014095,-0.186207,0.468162,0394
1732,raw,3,1/4,0,0.673844,0.697037,0.023193,0.496934,0.717083,0.176911,-0.020046,-0.196957,0.450709,0394
1732,centered,3,1/4,0,0.685945,0.762760,0.076814,0.579488,0.756203,0.106458,0.006556,-0.099901,0.596066,0394
1749,raw,6,2/4,1,0.710061,0.822019,0.111958,0.681803,0.647461,0.028258,0.174559,0.146301,0.542709,5285
1749,centered,6,2/4,1,0.727982,0.805781,0.077799,0.666765,0.649247,0.061217,0.156534,0.095317,0.575247,5285
1749,raw,3,1/4,0,0.744001,0.816625,0.072625,0.730631,0.674092,0.013370,0.142533,0.129163,0.614790,5285
1749,centered,3,1/4,0,0.726713,0.833983,0.107270,0.657808,0.724857,0.068905,0.109126,0.040221,0.613100,5285
1774,raw,6,2/4,1,0.601165,0.822499,0.221333,0.640290,0.648296,-0.039125,0.174203,0.213327,0.480059,5922
1774,centered,6,2/4,1,0.645090,0.807943,0.162853,0.631234,0.678486,0.013856,0.129457,0.115602,0.550689,5922
1774,raw,3,1/4,0,0.673614,0.789279,0.115664,0.674919,0.670274,-0.001304,0.119005,0.120309,0.576424,5922
1774,centered,3,1/4,0,0.669583,0.819689,0.150106,0.634830,0.737430,0.034753,0.082259,0.047506,0.605499,5922
1785,raw,6,2/4,1,0.600704,0.828356,0.227651,0.500846,0.617982,0.099858,0.210374,0.110516,0.449962,2224
1785,centered,6,2/4,1,0.663495,0.813794,0.150299,0.536669,0.615169,0.126826,0.198626,0.071800,0.543817,2224
1785,raw,3,1/4,0,0.676779,0.809673,0.132895,0.584732,0.622913,0.092047,0.186760,0.094713,0.539576,2224
1785,centered,3,1/4,0,0.688112,0.830395,0.142284,0.574843,0.678913,0.113268,0.151483,0.038214,0.593536,2224
1788,raw,6,2/4,1,0.493251,0.851690,0.358438,0.449564,0.834361,0.043688,0.017328,-0.026359,0.385865,4415
1788,centered,6,2/4,1,0.574842,0.826777,0.251935,0.533371,0.808682,0.041471,0.018095,-0.023376,0.501526,4415
1788,raw,3,1/4,0,0.599720,0.808715,0.208996,0.567907,0.816170,0.031813,-0.007454,-0.039267,0.499914,4415
1788,centered,3,1/4,0,0.643273,0.830029,0.186755,0.625695,0.829369,0.017578,0.000660,-0.016918,0.585091,4415
1794,raw,6,2/4,1,0.500983,0.689718,0.188735,0.245535,0.767316,0.255448,-0.077598,-0.333046,0.234640,3489
1794,centered,6,2/4,1,0.593228,0.719824,0.126596,0.410161,0.729306,0.183067,-0.009482,-0.192549,0.441566,3489
1794,raw,3,1/4,0,0.645858,0.711895,0.066037,0.476924,0.753523,0.168934,-0.041627,-0.210562,0.454544,3489
1794,centered,3,1/4,0,0.668476,0.779501,0.111025,0.614258,0.771840,0.054217,0.007661,-0.046556,0.587605,3489
1821,raw,6,2/4,1,0.424923,0.812014,0.387091,0.342328,0.817628,0.082595,-0.005614,-0.088209,0.267004,4243
1821,centered,6,2/4,1,0.547218,0.804725,0.257507,0.483352,0.786980,0.063866,0.017745,-0.046121,0.455794,4243
1821,raw,3,1/4,0,0.585280,0.799135,0.213855,0.523566,0.805246,0.061714,-0.006111,-0.067824,0.444592,4243
1821,centered,3,1/4,0,0.664905,0.820765,0.155860,0.630119,0.814325,0.034786,0.006440,-0.028346,0.579683,4243
1885,raw,6,2/4,1,0.499988,0.750503,0.250515,0.319329,0.799667,0.180658,-0.049164,-0.229822,0.263072,3585
1885,centered,6,2/4,1,0.597507,0.759596,0.162089,0.460857,0.769864,0.136650,-0.010268,-0.146918,0.451448,3585
1885,raw,3,1/4,0,0.641396,0.748166,0.106770,0.523354,0.797593,0.118042,-0.049427,-0.167469,0.460346,3585
1885,centered,3,1/4,0,0.674349,0.792145,0.117796,0.622880,0.811885,0.051468,-0.019740,-0.071209,0.583131,3585
1896,raw,6,2/4,1,0.450178,0.819086,0.368908,0.388762,0.752929,0.061416,0.066157,0.004742,0.302473,0721
1896,centered,6,2/4,1,0.552020,0.809402,0.257381,0.500402,0.727378,0.051618,0.082024,0.030406,0.451822,0721
1896,raw,3,1/4,0,0.596034,0.831242,0.235208,0.525457,0.756004,0.070577,0.075238,0.004662,0.492261,0721
1896,centered,3,1/4,0,0.658308,0.855162,0.196854,0.601217,0.779376,0.057091,0.075786,0.018695,0.585249,0721
1910,raw,6,2/4,1,0.598253,0.627900,0.029647,0.447665,0.755623,0.150588,-0.127723,-0.278311,0.305117,3605
1910,centered,6,2/4,1,0.649455,0.632635,-0.016820,0.546672,0.745438,0.102784,-0.112804,-0.215587,0.426117,3605
1910,raw,3,1/4,0,0.667205,0.687845,0.020641,0.588888,0.760696,0.078317,-0.072851,-0.151168,0.466837,3605
1910,centered,3,1/4,0,0.664507,0.740137,0.075630,0.632507,0.798242,0.032000,-0.058105,-0.090105,0.561983,3605
1918,raw,6,2/4,1,0.367361,0.680965,0.313604,0.265756,0.735669,0.101605,-0.054704,-0.156309,0.170841,5369
1918,centered,6,2/4,1,0.492665,0.699291,0.206627,0.418375,0.724218,0.074290,-0.024926,-0.099216,0.405572,5369
1918,raw,3,1/4,0,0.542674,0.702716,0.160043,0.484650,0.738476,0.058023,-0.035759,-0.093783,0.394727,5369
1918,centered,3,1/4,0,0.607745,0.752084,0.144339,0.596499,0.773514,0.011246,-0.021430,-0.032676,0.539070,5369
1977,raw,6,2/4,1,0.588385,0.785165,0.196779,0.558666,0.541767,0.029719,0.243398,0.213678,0.411635,2540
1977,centered,6,2/4,1,0.641758,0.785319,0.143561,0.570201,0.555667,0.071557,0.229652,0.158095,0.508042,2540
1977,raw,3,1/4,0,0.693981,0.813187,0.119206,0.637939,0.592499,0.056042,0.220688,0.164646,0.556243,2540
1977,centered,3,1/4,0,0.694483,0.843420,0.148938,0.584370,0.664478,0.110113,0.178942,0.068829,0.586592,2540
1983,raw,6,2/4,1,0.466555,0.858367,0.391812,0.416642,0.752882,0.049914,0.105486,0.055572,0.342590,1474
1983,centered,6,2/4,1,0.552799,0.835527,0.282727,0.501333,0.719556,0.051467,0.115971,0.064504,0.476013,1474
1983,raw,3,1/4,0,0.613026,0.823116,0.210091,0.549520,0.727913,0.063505,0.095203,0.031698,0.518087,1474
1983,centered,3,1/4,0,0.674049,0.836688,0.162639,0.606166,0.744479,0.067883,0.092209,0.024326,0.609398,1474
1993,raw,6,2/4,1,0.436527,0.770555,0.334028,0.399457,0.756064,0.037070,0.014491,-0.022580,0.260823,6455
1993,centered,6,2/4,1,0.545913,0.765470,0.219557,0.518026,0.754396,0.027888,0.011074,-0.016813,0.431626,6455
1993,raw,3,1/4,0,0.600810,0.786401,0.185590,0.569326,0.786376,0.031484,0.000024,-0.031460,0.466156,6455
1993,centered,3,1/4,0,0.660503,0.823430,0.162928,0.640778,0.817011,0.019724,0.006419,-0.013305,0.583406,6455
1995,raw,6,2/4,1,0.311476,0.722408,0.410933,0.210210,0.779026,0.101265,-0.056618,-0.157883,0.143610,4555
1995,centered,6,2/4,1,0.471479,0.737167,0.265688,0.391492,0.773141,0.079987,-0.035974,-0.115961,0.394424,4555
1995,raw,3,1/4,0,0.495769,0.714139,0.218370,0.430657,0.767646,0.065112,-0.053507,-0.118619,0.366939,4555
1995,centered,3,1/4,0,0.586240,0.766241,0.180002,0.574381,0.793681,0.011858,-0.027440,-0.039298,0.537482,4555
2043,raw,6,2/4,1,0.532426,0.844456,0.312031,0.484810,0.706959,0.047616,0.137497,0.089882,0.401018,1574
2043,centered,6,2/4,1,0.613525,0.827583,0.214058,0.551864,0.696558,0.061661,0.131025,0.069364,0.520735,1574
2043,raw,3,1/4,0,0.639590,0.811866,0.172276,0.597673,0.693565,0.041917,0.118302,0.076385,0.527314,1574
2043,centered,3,1/4,0,0.670127,0.836063,0.165937,0.609011,0.735188,0.061116,0.100875,0.039759,0.602408,1574
2055,raw,6,2/4,1,0.347094,0.783165,0.436071,0.238686,0.746939,0.108409,0.036226,-0.072183,0.175355,0683
2055,centered,6,2/4,1,0.496219,0.782644,0.286426,0.410067,0.709760,0.086152,0.072884,-0.013268,0.416955,0683
2055,raw,3,1/4,0,0.543732,0.780411,0.236679,0.454861,0.715941,0.088871,0.064470,-0.024401,0.410046,0683
2055,centered,3,1/4,0,0.645421,0.809044,0.163623,0.577486,0.740322,0.067934,0.068721,0.000787,0.564068,0683
2066,raw,6,2/4,1,0.696690,0.782648,0.085959,0.643709,0.751197,0.052980,0.031452,-0.021529,0.503705,1380
2066,centered,6,2/4,1,0.716917,0.776178,0.059261,0.675168,0.739287,0.041749,0.036891,-0.004858,0.558691,1380
2066,raw,3,1/4,0,0.754523,0.803078,0.048556,0.691153,0.771470,0.063370,0.031609,-0.031761,0.600600,1380
2066,centered,3,1/4,0,0.724993,0.836468,0.111475,0.683383,0.798207,0.041611,0.038261,-0.003349,0.628732,1380
2079,raw,6,2/4,1,0.600454,0.854293,0.253839,0.660432,0.710790,-0.059978,0.143504,0.203481,0.490604,6616
2079,centered,6,2/4,1,0.656752,0.823325,0.166573,0.668293,0.705967,-0.011540,0.117358,0.128899,0.546204,6616
2079,raw,3,1/4,0,0.674481,0.842510,0.168029,0.713151,0.728613,-0.038670,0.113897,0.152567,0.566146,6616
2079,centered,3,1/4,0,0.694191,0.854709,0.160518,0.675635,0.773905,0.018556,0.080804,0.062248,0.602936,6616
2086,raw,6,2/4,1,0.335592,0.741406,0.405814,0.391786,0.612136,-0.056194,0.129270,0.185464,0.121221,1012
2086,centered,6,2/4,1,0.483873,0.746262,0.262389,0.530285,0.625690,-0.046412,0.120572,0.166984,0.381627,1012
2086,raw,3,1/4,0,0.531232,0.744722,0.213491,0.557629,0.653964,-0.026397,0.090759,0.117156,0.379146,1012
2086,centered,3,1/4,0,0.631256,0.781431,0.150175,0.631424,0.708859,-0.000168,0.072571,0.072739,0.575968,1012
2090,raw,6,2/4,1,0.635652,0.852439,0.216787,0.649374,0.662625,-0.013722,0.189813,0.203535,0.499534,5826
2090,centered,6,2/4,1,0.677641,0.836385,0.158744,0.640126,0.681665,0.037515,0.154720,0.117205,0.559094,5826
2090,raw,3,1/4,0,0.720732,0.824538,0.103806,0.706928,0.684019,0.013804,0.140519,0.126715,0.584141,5826
2090,centered,3,1/4,0,0.710250,0.846241,0.135991,0.645455,0.746973,0.064795,0.099269,0.034473,0.604382,5826
2120,raw,6,2/4,1,0.708161,0.814993,0.106832,0.705167,0.587276,0.002994,0.227718,0.224724,0.552191,3916
2120,centered,6,2/4,1,0.731560,0.790991,0.059430,0.652402,0.621156,0.079159,0.169835,0.090676,0.592096,3916
2120,raw,3,1/4,0,0.742793,0.807858,0.065065,0.735254,0.642652,0.007539,0.165207,0.157668,0.593744,3916
2120,centered,3,1/4,0,0.730441,0.828315,0.097874,0.652277,0.720604,0.078164,0.107711,0.029547,0.621173,3916
2122,raw,6,2/4,1,0.651033,0.746471,0.095438,0.474189,0.752748,0.176844,-0.006277,-0.183121,0.443026,5688
2122,centered,6,2/4,1,0.679861,0.761459,0.081599,0.544009,0.733768,0.135852,0.027691,-0.108161,0.545886,5688
2122,raw,3,1/4,0,0.722772,0.751901,0.029128,0.610407,0.740986,0.112366,0.010914,-0.101451,0.538346,5688
2122,centered,3,1/4,0,0.706511,0.795248,0.088736,0.650518,0.765285,0.055993,0.029962,-0.026031,0.591939,5688
2130,raw,6,2/4,1,0.391578,0.850348,0.458769,0.405949,0.701340,-0.014370,0.149007,0.163378,0.263386,5311
2130,centered,6,2/4,1,0.518997,0.831163,0.312165,0.504561,0.703656,0.014436,0.127507,0.113071,0.450908,5311
2130,raw,3,1/4,0,0.562800,0.822142,0.259342,0.559400,0.723709,0.003400,0.098433,0.095033,0.455955,5311
2130,centered,3,1/4,0,0.655239,0.840574,0.185335,0.620658,0.772287,0.034582,0.068287,0.033706,0.583596,5311
2136,raw,6,2/4,1,0.606037,0.866276,0.260239,0.635480,0.647736,-0.029443,0.218540,0.247983,0.511346,4267
2136,centered,6,2/4,1,0.663761,0.832085,0.168324,0.620038,0.661548,0.043723,0.170536,0.126813,0.571492,4267
2136,raw,3,1/4,0,0.668487,0.843547,0.175060,0.684497,0.652768,-0.016010,0.190779,0.206790,0.569103,4267
2136,centered,3,1/4,0,0.688928,0.852931,0.164003,0.623568,0.713253,0.065360,0.139678,0.074318,0.591545,4267
2139,raw,6,2/4,1,0.462488,0.793685,0.331197,0.344672,0.742388,0.117816,0.051297,-0.066519,0.314784,5510
2139,centered,6,2/4,1,0.568228,0.787629,0.219401,0.464001,0.709818,0.104227,0.077812,-0.026415,0.475847,5510
2139,raw,3,1/4,0,0.589745,0.776673,0.186928,0.502321,0.754164,0.087424,0.022509,-0.064915,0.476500,5510
2139,centered,3,1/4,0,0.659867,0.810382,0.150516,0.599441,0.772738,0.060426,0.037644,-0.022782,0.588030,5510
2179,raw,6,2/4,1,0.411009,0.680271,0.269262,0.272252,0.706277,0.138757,-0.026006,-0.164764,0.173240,2244
2179,centered,6,2/4,1,0.536164,0.701056,0.164892,0.431366,0.697280,0.104798,0.003776,-0.101022,0.407007,2244
2179,raw,3,1/4,0,0.569025,0.692849,0.123824,0.487546,0.707776,0.081479,-0.014928,-0.096406,0.406484,2244
2179,centered,3,1/4,0,0.635618,0.748085,0.112467,0.589901,0.752882,0.045718,-0.004797,-0.050514,0.562119,2244
2223,raw,6,2/4,1,0.641091,0.837714,0.196623,0.615618,0.769865,0.025473,0.067849,0.042375,0.489663,0731
2223,centered,6,2/4,1,0.685197,0.815880,0.130683,0.653818,0.763792,0.031379,0.052088,0.020710,0.543426,0731
2223,raw,3,1/4,0,0.700991,0.820444,0.119453,0.679699,0.792652,0.021291,0.027791,0.006500,0.568141,0731
2223,centered,3,1/4,0,0.693429,0.843274,0.149845,0.670940,0.819783,0.022490,0.023492,0.001002,0.593494,0731
2224,raw,6,2/4,1,0.423432,0.707450,0.284019,0.246081,0.684050,0.177350,0.023401,-0.153950,0.164364,3128
2224,centered,6,2/4,1,0.554395,0.717434,0.163039,0.404458,0.664020,0.149937,0.053414,-0.096524,0.411137,3128
2224,raw,3,1/4,0,0.573706,0.716304,0.142597,0.450538,0.670023,0.123168,0.046280,-0.076888,0.386017,3128
2224,centered,3,1/4,0,0.648540,0.773813,0.125274,0.570694,0.699956,0.077846,0.073857,-0.003988,0.569880,3128
2244,raw,6,2/4,1,0.384709,0.807126,0.422417,0.430560,0.684869,-0.045851,0.122257,0.168108,0.240852,4262
2244,centered,6,2/4,1,0.513171,0.803528,0.290357,0.540495,0.698625,-0.027324,0.104903,0.132227,0.443542,4262
2244,raw,3,1/4,0,0.567417,0.779848,0.212431,0.582740,0.682552,-0.015323,0.097295,0.112619,0.440207,4262
2244,centered,3,1/4,0,0.641388,0.814831,0.173444,0.621108,0.735058,0.020280,0.079773,0.059493,0.568366,4262
2281,raw,6,2/4,1,0.413044,0.806780,0.393736,0.379022,0.755726,0.034021,0.051053,0.017032,0.272035,0979
2281,centered,6,2/4,1,0.532552,0.797555,0.265003,0.505576,0.738548,0.026975,0.059007,0.032031,0.441574,0979
2281,raw,3,1/4,0,0.581237,0.795472,0.214235,0.558732,0.741258,0.022505,0.054213,0.031708,0.464149,0979
2281,centered,3,1/4,0,0.647747,0.823058,0.175311,0.634024,0.774161,0.013723,0.048897,0.035174,0.568621,0979
2348,raw,6,2/4,1,0.364908,0.735208,0.370299,0.297988,0.784281,0.066920,-0.049073,-0.115993,0.155765,0072
2348,centered,6,2/4,1,0.503930,0.734529,0.230599,0.450781,0.779227,0.053149,-0.044697,-0.097846,0.377337,0072
2348,raw,3,1/4,0,0.566098,0.747094,0.180996,0.493499,0.774398,0.072599,-0.027305,-0.099904,0.402011,0072
2348,centered,3,1/4,0,0.635353,0.798148,0.162795,0.599901,0.808780,0.035452,-0.010632,-0.046084,0.563006,0072
2350,raw,6,2/4,1,0.731392,0.769986,0.038594,0.648041,0.737888,0.083351,0.032098,-0.051253,0.529783,1650
2350,centered,6,2/4,1,0.742933,0.760253,0.017319,0.645228,0.734290,0.097706,0.025962,-0.071743,0.571255,1650
2350,raw,3,1/4,0,0.754441,0.754781,0.000340,0.705327,0.731779,0.049115,0.023002,-0.026112,0.593175,1650
2350,centered,3,1/4,0,0.717575,0.783480,0.065906,0.661614,0.772912,0.055961,0.010568,-0.045392,0.606844,1650
2392,raw,6,2/4,1,0.770727,0.858859,0.088132,0.665812,0.666531,0.104915,0.192328,0.087414,0.629821,6516
2392,centered,6,2/4,1,0.769829,0.829730,0.059901,0.612531,0.668023,0.157297,0.161707,0.004410,0.619499,6516
2392,raw,3,1/4,0,0.781688,0.830353,0.048666,0.688233,0.684356,0.093455,0.145997,0.052542,0.647672,6516
2392,centered,3,1/4,0,0.736695,0.842839,0.106144,0.604749,0.732198,0.131947,0.110641,-0.021306,0.617017,6516
2398,raw,6,2/4,1,0.510117,0.872238,0.362122,0.533934,0.727269,-0.023817,0.144969,0.168786,0.427796,5249
2398,centered,6,2/4,1,0.596939,0.846221,0.249282,0.575520,0.720373,0.021419,0.125848,0.104428,0.520452,5249
2398,raw,3,1/4,0,0.641852,0.860608,0.218756,0.610870,0.725938,0.030982,0.134671,0.103688,0.552209,5249
2398,centered,3,1/4,0,0.694071,0.870556,0.176485,0.619907,0.758708,0.074164,0.111847,0.037683,0.597617,5249
2412,raw,6,2/4,1,0.413974,0.672626,0.258652,0.360785,0.663318,0.053189,0.009308,-0.043881,0.172859,5831
2412,centered,6,2/4,1,0.550808,0.689196,0.138388,0.511575,0.660952,0.039233,0.028244,-0.010989,0.414253,5831
2412,raw,3,1/4,0,0.595028,0.701433,0.106405,0.550790,0.677934,0.044237,0.023498,-0.020739,0.399036,5831
2412,centered,3,1/4,0,0.663904,0.758440,0.094535,0.625629,0.722911,0.038275,0.035529,-0.002746,0.563836,5831
2442,raw,6,2/4,1,0.445727,0.720654,0.274927,0.271306,0.809049,0.174420,-0.088395,-0.262816,0.203779,1534
2442,centered,6,2/4,1,0.563411,0.743829,0.180418,0.430922,0.792597,0.132489,-0.048768,-0.181257,0.424464,1534
2442,raw,3,1/4,0,0.619492,0.738852,0.119360,0.494977,0.791743,0.124515,-0.052891,-0.177406,0.437475,1534
2442,centered,3,1/4,0,0.679870,0.797421,0.117552,0.617205,0.821074,0.062664,-0.023652,-0.086317,0.592255,1534
2448,raw,6,2/4,1,0.785723,0.764794,-0.020929,0.656764,0.830074,0.128959,-0.065280,-0.194238,0.604533,4697
2448,centered,6,2/4,1,0.748046,0.763869,0.015823,0.676690,0.803589,0.071356,-0.039720,-0.111076,0.604146,4697
2448,raw,3,1/4,0,0.806243,0.766024,-0.040219,0.719990,0.819587,0.086253,-0.053563,-0.139816,0.651221,4697
2448,centered,3,1/4,0,0.710518,0.812115,0.101598,0.690070,0.837593,0.020448,-0.025478,-0.045926,0.617822,4697
2503,raw,6,2/4,1,0.544492,0.851266,0.306773,0.555264,0.641114,-0.010772,0.210152,0.220924,0.414847,1918
2503,centered,6,2/4,1,0.610829,0.836164,0.225335,0.578481,0.656849,0.032348,0.179316,0.146968,0.515371,1918
2503,raw,3,1/4,0,0.638866,0.834375,0.195509,0.636316,0.673717,0.002550,0.160658,0.158108,0.540864,1918
2503,centered,3,1/4,0,0.678660,0.854423,0.175762,0.624235,0.730399,0.054425,0.124024,0.069599,0.605166,1918
2513,raw,6,2/4,1,0.711909,0.779463,0.067555,0.649749,0.703376,0.062159,0.076088,0.013928,0.539894,3712
2513,centered,6,2/4,1,0.714301,0.773497,0.059195,0.673679,0.680806,0.040622,0.092690,0.052069,0.560304,3712
2513,raw,3,1/4,0,0.754521,0.790635,0.036114,0.706545,0.734542,0.047976,0.056093,0.008117,0.621653,3712
2513,centered,3,1/4,0,0.700856,0.824839,0.123983,0.669081,0.765712,0.031775,0.059127,0.027352,0.595469,3712
2540,raw,6,2/4,1,0.614049,0.650371,0.036322,0.463728,0.666729,0.150321,-0.016358,-0.166679,0.337566,1460
2540,centered,6,2/4,1,0.663015,0.680617,0.017601,0.547373,0.674455,0.115642,0.006161,-0.109481,0.512517,1460
2540,raw,3,1/4,0,0.695207,0.672443,-0.022763,0.557790,0.656989,0.137416,0.015454,-0.121962,0.482853,1460
2540,centered,3,1/4,0,0.677388,0.738383,0.060995,0.598489,0.700444,0.078899,0.037938,-0.040961,0.592646,1460
2547,raw,6,2/4,1,0.312910,0.685558,0.372648,0.241037,0.716283,0.071873,-0.030725,-0.102598,0.153750,5553
2547,centered,6,2/4,1,0.460146,0.700095,0.239949,0.419404,0.685598,0.040742,0.014497,-0.026245,0.398766,5553
2547,raw,3,1/4,0,0.497376,0.686794,0.189418,0.433762,0.688891,0.063614,-0.002097,-0.065711,0.342247,5553
2547,centered,3,1/4,0,0.601315,0.750799,0.149484,0.573533,0.723553,0.027782,0.027246,-0.000536,0.539109,5553
2583,raw,6,2/4,1,0.676539,0.837158,0.160618,0.604976,0.640914,0.071564,0.196243,0.124679,0.504222,2547
2583,centered,6,2/4,1,0.704174,0.823191,0.119017,0.596496,0.643576,0.107678,0.179615,0.071937,0.558055,2547
2583,raw,3,1/4,0,0.732530,0.806639,0.074109,0.682095,0.644947,0.050435,0.161692,0.111257,0.577317,2547
2583,centered,3,1/4,0,0.716269,0.836678,0.120409,0.639740,0.710462,0.076529,0.126216,0.049687,0.607620,2547
2589,raw,6,2/4,1,0.667408,0.793506,0.126098,0.527124,0.564324,0.140284,0.229182,0.088898,0.505368,3947
2589,centered,6,2/4,1,0.689016,0.775152,0.086136,0.506943,0.564795,0.182073,0.210357,0.028284,0.521107,3947
2589,raw,3,1/4,0,0.707018,0.795774,0.088756,0.598301,0.605675,0.108718,0.190099,0.081382,0.573850,3947
2589,centered,3,1/4,0,0.686868,0.820116,0.133248,0.541195,0.668032,0.145673,0.152084,0.006411,0.571163,3947
2602,raw,6,2/4,1,0.670821,0.852783,0.181961,0.610016,0.788821,0.060805,0.063962,0.003156,0.540288,0075
2602,centered,6,2/4,1,0.706876,0.837119,0.130243,0.636400,0.778480,0.070476,0.058639,-0.011837,0.583685,0075
2602,raw,3,1/4,0,0.742157,0.831614,0.089457,0.673964,0.778739,0.068193,0.052876,-0.015317,0.613744,0075
2602,centered,3,1/4,0,0.731728,0.852103,0.120374,0.667351,0.806939,0.064377,0.045164,-0.019213,0.609047,0075
2666,raw,6,2/4,1,0.303141,0.780454,0.477313,0.184709,0.764041,0.118432,0.016413,-0.102019,0.127541,0777
2666,centered,6,2/4,1,0.466482,0.770391,0.303909,0.363655,0.723467,0.102826,0.046924,-0.055902,0.387622,0777
2666,raw,3,1/4,0,0.512647,0.755630,0.242983,0.439332,0.742811,0.073315,0.012819,-0.060496,0.376786,0777
2666,centered,3,1/4,0,0.632790,0.787031,0.154240,0.600497,0.757314,0.032293,0.029717,-0.002577,0.565731,0777
2680,raw,6,2/4,1,0.275837,0.833220,0.557383,0.282469,0.727671,-0.006632,0.105549,0.112181,0.184557,5768
2680,centered,6,2/4,1,0.451811,0.818108,0.366297,0.434626,0.744921,0.017185,0.073188,0.056003,0.447109,5768
2680,raw,3,1/4,0,0.492476,0.785612,0.293136,0.494887,0.707765,-0.002412,0.077847,0.080258,0.383030,5768
2680,centered,3,1/4,0,0.635381,0.805390,0.170009,0.600381,0.752066,0.035000,0.053325,0.018324,0.561271,5768
2708,raw,6,2/4,1,0.640072,0.715204,0.075132,0.559889,0.744843,0.080183,-0.029638,-0.109822,0.451373,6646
2708,centered,6,2/4,1,0.646493,0.742872,0.096379,0.599395,0.746233,0.047099,-0.003361,-0.050460,0.517561,6646
2708,raw,3,1/4,0,0.691914,0.746354,0.054439,0.627681,0.761687,0.064234,-0.015333,-0.079567,0.547246,6646
2708,centered,3,1/4,0,0.643631,0.800239,0.156608,0.617156,0.793955,0.026475,0.006284,-0.020191,0.541005,6646
2719,raw,6,2/4,1,0.332947,0.812216,0.479269,0.424850,0.663871,-0.091903,0.148345,0.240248,0.181493,1117
2719,centered,6,2/4,1,0.479666,0.809727,0.330061,0.526584,0.695745,-0.046918,0.113982,0.160900,0.417044,1117
2719,raw,3,1/4,0,0.531301,0.801378,0.270077,0.587424,0.676779,-0.056123,0.124599,0.180722,0.420725,1117
2719,centered,3,1/4,0,0.644220,0.825555,0.181334,0.631976,0.740370,0.012244,0.085184,0.072940,0.588868,1117
2734,raw,6,2/4,1,0.493182,0.814322,0.321139,0.433993,0.705276,0.059189,0.109046,0.049857,0.363322,2680
2734,centered,6,2/4,1,0.574946,0.795030,0.220084,0.520683,0.681078,0.054262,0.113952,0.059689,0.477375,2680
2734,raw,3,1/4,0,0.608268,0.826454,0.218185,0.544446,0.721075,0.063822,0.105378,0.041556,0.502944,2680
2734,centered,3,1/4,0,0.665232,0.848031,0.182799,0.605914,0.752715,0.059317,0.095315,0.035998,0.577116,2680
2741,raw,6,2/4,1,0.489744,0.748330,0.258586,0.342997,0.766312,0.146747,-0.017982,-0.164729,0.274507,1575
2741,centered,6,2/4,1,0.596599,0.741027,0.144428,0.473629,0.738563,0.122970,0.002464,-0.120506,0.443065,1575
2741,raw,3,1/4,0,0.623323,0.764292,0.140969,0.532943,0.751415,0.090381,0.012877,-0.077504,0.451473,1575
2741,centered,3,1/4,0,0.679796,0.798088,0.118293,0.615716,0.780224,0.064080,0.017865,-0.046215,0.572399,1575
2767,raw,6,2/4,1,0.646379,0.800423,0.154044,0.658753,0.705938,-0.012373,0.094485,0.106858,0.482694,6227
2767,centered,6,2/4,1,0.672591,0.790721,0.118129,0.662649,0.715617,0.009942,0.075103,0.065161,0.551709,6227
2767,raw,3,1/4,0,0.726981,0.780132,0.053151,0.743008,0.715918,-0.016027,0.064214,0.080241,0.593210,6227
2767,centered,3,1/4,0,0.703460,0.813665,0.110205,0.683859,0.772561,0.019601,0.041104,0.021504,0.608390,6227
2819,raw,6,2/4,1,0.277647,0.823886,0.546239,0.269558,0.702770,0.008089,0.121116,0.113027,0.183106,0726
2819,centered,6,2/4,1,0.440736,0.822011,0.381275,0.425551,0.689905,0.015185,0.132106,0.116921,0.409925,0726
2819,raw,3,1/4,0,0.473494,0.823989,0.350496,0.442954,0.697800,0.030540,0.126190,0.095650,0.395026,0726
2819,centered,3,1/4,0,0.603419,0.846779,0.243360,0.559043,0.735827,0.044376,0.110952,0.066575,0.549067,0726
2868,raw,6,2/4,1,0.699288,0.831159,0.131871,0.630824,0.681616,0.068464,0.149542,0.081078,0.552531,0247
2868,centered,6,2/4,1,0.715276,0.818937,0.103661,0.605027,0.700152,0.110249,0.118785,0.008536,0.581058,0247
2868,raw,3,1/4,0,0.738545,0.834096,0.095551,0.695430,0.691661,0.043115,0.142435,0.099319,0.610965,0247
2868,centered,3,1/4,0,0.719141,0.854017,0.134876,0.627663,0.758997,0.091478,0.095020,0.003543,0.607678,0247
2873,raw,6,2/4,1,0.282967,0.839421,0.556454,0.327801,0.710457,-0.044835,0.128963,0.173798,0.185805,0864
2873,centered,6,2/4,1,0.442411,0.820422,0.378011,0.470211,0.706596,-0.027800,0.113826,0.141626,0.412540,0864
2873,raw,3,1/4,0,0.501189,0.844841,0.343652,0.513815,0.705622,-0.012626,0.139219,0.151845,0.429070,0864
2873,centered,3,1/4,0,0.620305,0.861485,0.241180,0.605860,0.752700,0.014445,0.108784,0.094340,0.570585,0864
2886,raw,6,2/4,1,0.560877,0.695340,0.134464,0.418048,0.820290,0.142829,-0.124950,-0.267778,0.343034,5938
2886,centered,6,2/4,1,0.605549,0.713512,0.107963,0.528370,0.786682,0.077179,-0.073170,-0.150349,0.473570,5938
2886,raw,3,1/4,0,0.654695,0.718542,0.063846,0.574171,0.807147,0.080524,-0.088605,-0.169129,0.494504,5938
2886,centered,3,1/4,0,0.635008,0.769592,0.134584,0.619892,0.822824,0.015116,-0.053232,-0.068348,0.544221,5938
2906,raw,6,2/4,1,0.515272,0.806948,0.291675,0.528603,0.743560,-0.013331,0.063387,0.076718,0.357098,2348
2906,centered,6,2/4,1,0.600233,0.798375,0.198142,0.599377,0.742549,0.000856,0.055827,0.054970,0.492257,2348
2906,raw,3,1/4,0,0.617921,0.809723,0.191802,0.643278,0.746814,-0.025357,0.062909,0.088266,0.497071,2348
2906,centered,3,1/4,0,0.671664,0.835674,0.164010,0.665943,0.791394,0.005721,0.044280,0.038559,0.598907,2348
2952,raw,6,2/4,1,0.664045,0.780391,0.116346,0.647546,0.776004,0.016499,0.004387,-0.012112,0.479676,2906
2952,centered,6,2/4,1,0.690848,0.776889,0.086041,0.677827,0.771226,0.013021,0.005663,-0.007359,0.532207,2906
2952,raw,3,1/4,0,0.721519,0.782375,0.060856,0.697546,0.788167,0.023973,-0.005792,-0.029765,0.572822,2906
2952,centered,3,1/4,0,0.709126,0.819621,0.110495,0.694141,0.822611,0.014985,-0.002990,-0.017975,0.604916,2906
2956,raw,6,2/4,1,0.484880,0.847635,0.362755,0.468569,0.775573,0.016311,0.072062,0.055751,0.346253,4466
2956,centered,6,2/4,1,0.578783,0.833948,0.255165,0.553767,0.774213,0.025016,0.059735,0.034719,0.476670,4466
2956,raw,3,1/4,0,0.606429,0.840526,0.234097,0.600485,0.789746,0.005944,0.050781,0.044837,0.497909,4466
2956,centered,3,1/4,0,0.674226,0.857465,0.183239,0.658771,0.816108,0.015455,0.041357,0.025901,0.596560,4466
2975,raw,6,2/4,1,0.550486,0.832936,0.282449,0.530761,0.703590,0.019725,0.129346,0.109620,0.409093,6144
2975,centered,6,2/4,1,0.628779,0.808004,0.179225,0.585282,0.696740,0.043497,0.111264,0.067767,0.508931,6144
2975,raw,3,1/4,0,0.647593,0.834274,0.186681,0.611789,0.718229,0.035804,0.116046,0.080241,0.534086,6144
2975,centered,3,1/4,0,0.674092,0.854144,0.180052,0.619612,0.760095,0.054480,0.094049,0.039569,0.589201,6144
3009,raw,6,2/4,1,0.335829,0.732545,0.396716,0.222101,0.750813,0.113728,-0.018268,-0.131996,0.136148,6306
3009,centered,6,2/4,1,0.488175,0.755427,0.267251,0.399707,0.745346,0.088468,0.010080,-0.078388,0.390239,6306
3009,raw,3,1/4,0,0.532085,0.745821,0.213737,0.439954,0.768944,0.092131,-0.023123,-0.115254,0.368828,6306
3009,centered,3,1/4,0,0.621345,0.804600,0.183254,0.590526,0.798057,0.030819,0.006543,-0.024277,0.550204,6306
3017,raw,6,2/4,1,0.797012,0.830781,0.033769,0.700840,0.713898,0.096172,0.116882,0.020711,0.634884,3702
3017,centered,6,2/4,1,0.778394,0.809636,0.031243,0.664290,0.721060,0.114104,0.088577,-0.025527,0.618838,3702
3017,raw,3,1/4,0,0.824960,0.807496,-0.017464,0.757109,0.740221,0.067851,0.067275,-0.000577,0.673977,3702
3017,centered,3,1/4,0,0.749074,0.828786,0.079712,0.674066,0.784638,0.075008,0.044148,-0.030860,0.619593,3702
3026,raw,6,2/4,1,0.375325,0.782272,0.406946,0.312006,0.738886,0.063319,0.043385,-0.019934,0.188307,3397
3026,centered,6,2/4,1,0.511683,0.783906,0.272222,0.454871,0.737932,0.056812,0.045973,-0.010839,0.400467,3397
3026,raw,3,1/4,0,0.539952,0.771350,0.231398,0.518211,0.747208,0.021741,0.024142,0.002401,0.419474,3397
3026,centered,3,1/4,0,0.626596,0.810328,0.183732,0.615162,0.790276,0.011434,0.020052,0.008618,0.571377,3397
3116,raw,6,2/4,1,0.472915,0.768384,0.295469,0.409844,0.648712,0.063071,0.119671,0.056600,0.283534,0214
3116,centered,6,2/4,1,0.567105,0.756577,0.189473,0.486565,0.663302,0.080540,0.093275,0.012735,0.456427,0214
3116,raw,3,1/4,0,0.596451,0.735752,0.139301,0.558190,0.662113,0.038261,0.073639,0.035378,0.429540,0214
3116,centered,3,1/4,0,0.661868,0.769357,0.107489,0.599920,0.718027,0.061949,0.051330,-0.010618,0.572240,0214
3128,raw,6,2/4,1,0.609474,0.837853,0.228379,0.517693,0.685808,0.091781,0.152046,0.060265,0.483676,3116
3128,centered,6,2/4,1,0.656207,0.823158,0.166952,0.558681,0.655928,0.097526,0.167230,0.069704,0.545658,3116
3128,raw,3,1/4,0,0.700170,0.827592,0.127422,0.604752,0.689938,0.095418,0.137654,0.042236,0.591308,3116
3128,centered,3,1/4,0,0.700100,0.847602,0.147502,0.605604,0.723682,0.094496,0.123920,0.029424,0.600890,3116
3135,raw,6,2/4,1,0.772586,0.804351,0.031765,0.632318,0.710256,0.140268,0.094095,-0.046173,0.617666,2281
3135,centered,6,2/4,1,0.755379,0.797241,0.041862,0.625855,0.694751,0.129525,0.102490,-0.027035,0.610697,2281
3135,raw,3,1/4,0,0.809316,0.801916,-0.007399,0.698907,0.737686,0.110409,0.064231,-0.046178,0.679157,2281
3135,centered,3,1/4,0,0.728254,0.835640,0.107385,0.641639,0.771154,0.086615,0.064486,-0.022129,0.622313,2281
3139,raw,6,2/4,1,0.356027,0.777347,0.421320,0.346026,0.681872,0.010002,0.095475,0.085473,0.179963,6502
3139,centered,6,2/4,1,0.485697,0.792591,0.306894,0.497681,0.675974,-0.011984,0.116617,0.128601,0.399521,6502
3139,raw,3,1/4,0,0.559037,0.782564,0.223526,0.527407,0.727210,0.031630,0.055354,0.023724,0.422483,6502
3139,centered,3,1/4,0,0.622831,0.829027,0.206196,0.608225,0.764805,0.014606,0.064222,0.049616,0.552509,6502
3151,raw,6,2/4,1,0.309103,0.846318,0.537215,0.298381,0.809561,0.010722,0.036757,0.026035,0.174009,5555
3151,centered,6,2/4,1,0.461154,0.840801,0.379648,0.456632,0.798074,0.004521,0.042727,0.038206,0.395969,5555
3151,raw,3,1/4,0,0.525952,0.830061,0.304109,0.510382,0.809977,0.015570,0.020083,0.004514,0.408004,5555
3151,centered,3,1/4,0,0.627014,0.857827,0.230813,0.614282,0.836052,0.012732,0.021775,0.009043,0.566900,5555
3187,raw,6,2/4,1,0.511260,0.717512,0.206252,0.295177,0.697803,0.216083,0.019709,-0.196374,0.264676,5473
3187,centered,6,2/4,1,0.613209,0.719471,0.106262,0.434051,0.678163,0.179158,0.041308,-0.137851,0.467436,5473
3187,raw,3,1/4,0,0.618890,0.733310,0.114420,0.487437,0.688822,0.131454,0.044488,-0.086966,0.445021,5473
3187,centered,3,1/4,0,0.656495,0.780753,0.124258,0.572854,0.724608,0.083641,0.056145,-0.027496,0.591799,5473
3221,raw,6,2/4,1,0.459411,0.747992,0.288581,0.314663,0.696254,0.144748,0.051738,-0.093010,0.202250,6626
3221,centered,6,2/4,1,0.593767,0.753880,0.160113,0.458379,0.690271,0.135388,0.063609,-0.071779,0.448577,6626
3221,raw,3,1/4,0,0.585630,0.743655,0.158026,0.513807,0.685863,0.071823,0.057793,-0.014030,0.391551,6626
3221,centered,3,1/4,0,0.664730,0.786994,0.122265,0.616034,0.727627,0.048696,0.059367,0.010671,0.578120,6626
3240,raw,6,2/4,1,0.649974,0.776326,0.126352,0.646389,0.573634,0.003585,0.202692,0.199107,0.454816,1732
3240,centered,6,2/4,1,0.697928,0.758489,0.060561,0.632196,0.605668,0.065732,0.152822,0.087089,0.518008,1732
3240,raw,3,1/4,0,0.704058,0.784387,0.080329,0.687693,0.619155,0.016365,0.165233,0.148868,0.532328,1732
3240,centered,3,1/4,0,0.711365,0.811399,0.100034,0.633039,0.696126,0.078327,0.115273,0.036947,0.576134,1732
3247,raw,6,2/4,1,0.574470,0.772092,0.197623,0.472480,0.665312,0.101990,0.106780,0.004791,0.374733,1365
3247,centered,6,2/4,1,0.642784,0.778870,0.136086,0.532381,0.684338,0.110403,0.094532,-0.015871,0.522602,1365
3247,raw,3,1/4,0,0.679480,0.753920,0.074441,0.583014,0.676341,0.096466,0.077579,-0.018887,0.489277,1365
3247,centered,3,1/4,0,0.690709,0.800904,0.110195,0.603857,0.731865,0.086852,0.069038,-0.017813,0.600105,1365
3258,raw,6,2/4,1,0.335558,0.709635,0.374077,0.190866,0.769962,0.144692,-0.060327,-0.205019,0.109240,3831
3258,centered,6,2/4,1,0.482670,0.738410,0.255741,0.382183,0.753536,0.100487,-0.015125,-0.115612,0.382296,3831
3258,raw,3,1/4,0,0.555933,0.713487,0.157554,0.455359,0.767951,0.100574,-0.054465,-0.155038,0.399514,3831
3258,centered,3,1/4,0,0.625952,0.777551,0.151600,0.596867,0.795564,0.029085,-0.018013,-0.047098,0.564978,3831
3329,raw,6,2/4,1,0.590641,0.719849,0.129208,0.581660,0.498887,0.008981,0.220962,0.211982,0.354846,5465
3329,centered,6,2/4,1,0.641673,0.740561,0.098888,0.584764,0.572059,0.056909,0.168502,0.111593,0.494151,5465
3329,raw,3,1/4,0,0.677800,0.737429,0.059629,0.654465,0.577461,0.023335,0.159968,0.136633,0.511694,5465
3329,centered,3,1/4,0,0.683231,0.789451,0.106220,0.598627,0.679568,0.084604,0.109882,0.025278,0.581273,5465
3352,raw,6,2/4,1,0.646677,0.833555,0.186878,0.575906,0.744239,0.070771,0.089315,0.018545,0.570170,0282
3352,centered,6,2/4,1,0.655390,0.811856,0.156466,0.567418,0.711160,0.087972,0.100696,0.012724,0.562825,0282
3352,raw,3,1/4,0,0.690978,0.803141,0.112162,0.619512,0.733328,0.071466,0.069812,-0.001653,0.593853,0282
3352,centered,3,1/4,0,0.666103,0.816293,0.150190,0.586143,0.755387,0.079959,0.060906,-0.019053,0.536720,0282
3361,raw,6,2/4,1,0.727914,0.899943,0.172029,0.750604,0.754687,-0.022690,0.145256,0.167946,0.639086,5289
3361,centered,6,2/4,1,0.738707,0.865568,0.126861,0.723477,0.744620,0.015230,0.120947,0.105717,0.618064,5289
3361,raw,3,1/4,0,0.769778,0.886655,0.116877,0.780544,0.763653,-0.010766,0.123001,0.133767,0.686733,5289
3361,centered,3,1/4,0,0.738750,0.889345,0.150596,0.704303,0.799724,0.034447,0.089621,0.055174,0.631726,5289
3397,raw,6,2/4,1,0.338598,0.825328,0.486730,0.287751,0.781984,0.050847,0.043343,-0.007504,0.245596,4104
3397,centered,6,2/4,1,0.484761,0.824072,0.339311,0.451013,0.755979,0.033749,0.068094,0.034345,0.452497,4104
3397,raw,3,1/4,0,0.536098,0.799306,0.263209,0.488789,0.761846,0.047309,0.037460,-0.009849,0.453299,4104
3397,centered,3,1/4,0,0.609916,0.832706,0.222790,0.599002,0.781306,0.010914,0.051400,0.040486,0.537796,4104
3417,raw,6,2/4,1,0.539009,0.829788,0.290778,0.566551,0.745048,-0.027542,0.084739,0.112281,0.427508,6513
3417,centered,6,2/4,1,0.607590,0.826115,0.218524,0.618012,0.752965,-0.010422,0.073150,0.083572,0.534465,6513
3417,raw,3,1/4,0,0.669867,0.797767,0.127900,0.641626,0.738407,0.028241,0.059360,0.031119,0.552335,6513
3417,centered,3,1/4,0,0.687213,0.831478,0.144265,0.655507,0.775728,0.031706,0.055749,0.024044,0.586757,6513
3428,raw,6,2/4,1,0.642266,0.823591,0.181325,0.608302,0.721896,0.033964,0.101695,0.067731,0.488401,2086
3428,centered,6,2/4,1,0.681214,0.820580,0.139366,0.625359,0.729997,0.055855,0.090583,0.034728,0.558402,2086
3428,raw,3,1/4,0,0.708971,0.812454,0.103482,0.665637,0.722877,0.043334,0.089576,0.046242,0.576403,2086
3428,centered,3,1/4,0,0.711413,0.842824,0.131411,0.654543,0.762120,0.056871,0.080704,0.023833,0.603284,2086
3458,raw,6,2/4,1,0.686302,0.823822,0.137520,0.650332,0.764384,0.035970,0.059438,0.023468,0.523099,2741
3458,centered,6,2/4,1,0.718712,0.815957,0.097245,0.671889,0.760154,0.046823,0.055803,0.008980,0.590591,2741
3458,raw,3,1/4,0,0.723241,0.785155,0.061915,0.689179,0.749427,0.034062,0.035728,0.001666,0.572112,2741
3458,centered,3,1/4,0,0.724558,0.807904,0.083347,0.672067,0.780364,0.052491,0.027541,-0.024950,0.599149,2741
3461,raw,6,2/4,1,0.465398,0.753128,0.287730,0.328834,0.640190,0.136565,0.112938,-0.023627,0.245901,3597
3461,centered,6,2/4,1,0.576786,0.768356,0.191570,0.455079,0.631777,0.121707,0.136579,0.014872,0.465796,3597
3461,raw,3,1/4,0,0.609241,0.751861,0.142620,0.512073,0.646648,0.097168,0.105213,0.008045,0.438449,3597
3461,centered,3,1/4,0,0.657607,0.795042,0.137434,0.582910,0.693866,0.074698,0.101175,0.026477,0.579261,3597
3462,raw,6,2/4,1,0.431496,0.778407,0.346912,0.464419,0.744776,-0.032923,0.033631,0.066554,0.388573,4116
3462,centered,6,2/4,1,0.528380,0.746525,0.218145,0.549567,0.727469,-0.021187,0.019056,0.040243,0.504832,4116
3462,raw,3,1/4,0,0.563212,0.773603,0.210391,0.603304,0.722641,-0.040092,0.050962,0.091053,0.466628,4116
3462,centered,3,1/4,0,0.649177,0.786151,0.136975,0.651408,0.761448,-0.002232,0.024703,0.026935,0.535915,4116
3489,raw,6,2/4,1,0.402643,0.818966,0.416323,0.427448,0.695937,-0.024805,0.123029,0.147833,0.366394,0876
3489,centered,6,2/4,1,0.516467,0.787781,0.271314,0.517792,0.685435,-0.001324,0.102346,0.103670,0.507856,0876
3489,raw,3,1/4,0,0.559215,0.800296,0.241082,0.528540,0.687102,0.030675,0.113194,0.082519,0.474414,0876
3489,centered,3,1/4,0,0.663970,0.806212,0.142242,0.596120,0.721771,0.067851,0.084440,0.016590,0.557464,0876
3498,raw,6,2/4,1,0.540515,0.836296,0.295781,0.570852,0.775289,-0.030336,0.061007,0.091343,0.423943,5753
3498,centered,6,2/4,1,0.611629,0.815386,0.203756,0.624807,0.773839,-0.013177,0.041546,0.054724,0.525192,5753
3498,raw,3,1/4,0,0.642927,0.805352,0.162425,0.667217,0.779127,-0.024290,0.026225,0.050515,0.528105,5753
3498,centered,3,1/4,0,0.678587,0.821114,0.142527,0.677405,0.812518,0.001183,0.008596,0.007413,0.581519,5753
3499,raw,6,2/4,1,0.346295,0.858531,0.512236,0.311392,0.712226,0.034903,0.146305,0.111402,0.251672,3797
3499,centered,6,2/4,1,0.488564,0.848116,0.359552,0.450001,0.684661,0.038563,0.163455,0.124892,0.453349,3797
3499,raw,3,1/4,0,0.533396,0.836715,0.303319,0.482925,0.698217,0.050472,0.138498,0.088027,0.445096,3797
3499,centered,3,1/4,0,0.633760,0.859401,0.225641,0.594700,0.722803,0.039060,0.136598,0.097538,0.559211,3797
3508,raw,6,2/4,1,0.393535,0.644979,0.251444,0.226478,0.688132,0.167058,-0.043153,-0.210210,0.126634,5990
3508,centered,6,2/4,1,0.529364,0.702941,0.173578,0.404654,0.693535,0.124710,0.009406,-0.115303,0.412092,5990
3508,raw,3,1/4,0,0.544549,0.672648,0.128100,0.445646,0.686464,0.098903,-0.013816,-0.112719,0.353708,5990
3508,centered,3,1/4,0,0.627914,0.741646,0.113731,0.585079,0.727973,0.042835,0.013673,-0.029162,0.538049,5990
3585,raw,6,2/4,1,0.719389,0.881548,0.162159,0.700415,0.832899,0.018974,0.048649,0.029675,0.615065,0844
3585,centered,6,2/4,1,0.725746,0.856458,0.130712,0.700544,0.809958,0.025202,0.046500,0.021298,0.604346,0844
3585,raw,3,1/4,0,0.758379,0.868400,0.110021,0.745651,0.823407,0.012727,0.044993,0.032266,0.658439,0844
3585,centered,3,1/4,0,0.727844,0.881764,0.153920,0.707168,0.842244,0.020676,0.039520,0.018844,0.622899,0844
3597,raw,6,2/4,1,0.686035,0.771781,0.085746,0.541944,0.527111,0.144091,0.244670,0.100579,0.473615,0091
3597,centered,6,2/4,1,0.716638,0.763184,0.046547,0.536002,0.537752,0.180635,0.225432,0.044797,0.538073,0091
3597,raw,3,1/4,0,0.749694,0.768590,0.018895,0.634559,0.571621,0.115135,0.196969,0.081833,0.576266,0091
3597,centered,3,1/4,0,0.721179,0.805289,0.084110,0.568503,0.646614,0.152676,0.158675,0.005999,0.603453,0091
3605,raw,6,2/4,1,0.346750,0.825432,0.478682,0.281140,0.799101,0.065610,0.026331,-0.039279,0.218266,3714
3605,centered,6,2/4,1,0.496676,0.807712,0.311036,0.443145,0.774970,0.053531,0.032742,-0.020789,0.422824,3714
3605,raw,3,1/4,0,0.557645,0.795831,0.238185,0.497953,0.786485,0.059692,0.009346,-0.050346,0.443946,3714
3605,centered,3,1/4,0,0.640597,0.826169,0.185572,0.622666,0.803661,0.017931,0.022508,0.004577,0.576659,3714
3621,raw,6,2/4,1,0.537682,0.814843,0.277160,0.605919,0.585951,-0.068237,0.228891,0.297128,0.379263,0209
3621,centered,6,2/4,1,0.603516,0.803511,0.199996,0.615065,0.610984,-0.011549,0.192527,0.204076,0.489683,0209
3621,raw,3,1/4,0,0.642615,0.824565,0.181949,0.660702,0.635920,-0.018087,0.188644,0.206731,0.525551,0209
3621,centered,3,1/4,0,0.679966,0.851064,0.171098,0.618562,0.710190,0.061404,0.140874,0.079471,0.593620,0209
3625,raw,6,2/4,1,0.504647,0.815653,0.311006,0.497739,0.671084,0.006907,0.144569,0.137662,0.340827,4265
3625,centered,6,2/4,1,0.593441,0.804846,0.211404,0.581842,0.653496,0.011600,0.151350,0.139750,0.478050,4265
3625,raw,3,1/4,0,0.600558,0.812052,0.211493,0.581653,0.685622,0.018905,0.126430,0.107525,0.466274,4265
3625,centered,3,1/4,0,0.657517,0.838424,0.180907,0.620158,0.729990,0.037359,0.108434,0.071075,0.584487,4265
3646,raw,6,2/4,1,0.355163,0.727541,0.372378,0.206505,0.703106,0.148657,0.024435,-0.124222,0.140571,5444
3646,centered,6,2/4,1,0.511042,0.737449,0.226407,0.379478,0.678607,0.131564,0.058841,-0.072722,0.400258,5444
3646,raw,3,1/4,0,0.542257,0.728792,0.186535,0.452064,0.678075,0.090193,0.050718,-0.039475,0.384124,5444
3646,centered,3,1/4,0,0.634508,0.780805,0.146297,0.598171,0.708488,0.036337,0.072317,0.035980,0.571914,5444
3679,raw,6,2/4,1,0.802242,0.842570,0.040328,0.743232,0.702327,0.059010,0.140242,0.081232,0.662340,0387
3679,centered,6,2/4,1,0.782036,0.810559,0.028523,0.683268,0.695374,0.098768,0.115185,0.016417,0.627656,0387
3679,raw,3,1/4,0,0.806460,0.816266,0.009807,0.751876,0.710280,0.054583,0.105987,0.051403,0.669966,0387
3679,centered,3,1/4,0,0.745783,0.830139,0.084356,0.659752,0.748634,0.086031,0.081505,-0.004526,0.615407,0387
3702,raw,6,2/4,1,0.320559,0.749847,0.429288,0.210377,0.766235,0.110182,-0.016388,-0.126570,0.150964,5120
3702,centered,6,2/4,1,0.473589,0.759658,0.286069,0.394374,0.729555,0.079214,0.030103,-0.049112,0.404518,5120
3702,raw,3,1/4,0,0.510144,0.758340,0.248196,0.424844,0.683837,0.085300,0.074503,-0.010797,0.385281,5120
3702,centered,3,1/4,0,0.617113,0.797229,0.180116,0.567209,0.711377,0.049904,0.085852,0.035948,0.566459,5120
3706,raw,6,2/4,1,0.552354,0.741076,0.188722,0.382320,0.748959,0.170034,-0.007883,-0.177916,0.346533,0524
3706,centered,6,2/4,1,0.625753,0.752850,0.127097,0.483975,0.744795,0.141778,0.008055,-0.133723,0.512023,0524
3706,raw,3,1/4,0,0.664869,0.733621,0.068752,0.526234,0.712909,0.138636,0.020712,-0.117923,0.477292,0524
3706,centered,3,1/4,0,0.672667,0.783760,0.111093,0.580596,0.754570,0.092070,0.029190,-0.062881,0.585997,0524
3712,raw,6,2/4,1,0.591790,0.800320,0.208530,0.465483,0.800837,0.126307,-0.000517,-0.126824,0.417143,6498
3712,centered,6,2/4,1,0.663784,0.780096,0.116312,0.540917,0.782967,0.122867,-0.002871,-0.125738,0.533953,6498
3712,raw,3,1/4,0,0.667260,0.789571,0.122311,0.578310,0.812931,0.088950,-0.023360,-0.112310,0.523070,6498
3712,centered,3,1/4,0,0.692645,0.812493,0.119848,0.630564,0.831285,0.062081,-0.018792,-0.080873,0.605998,6498
3714,raw,6,2/4,1,0.525093,0.875936,0.350843,0.554559,0.686442,-0.029466,0.189495,0.218961,0.400743,6689
3714,centered,6,2/4,1,0.608690,0.859966,0.251276,0.591880,0.705172,0.016810,0.154793,0.137984,0.528229,6689
3714,raw,3,1/4,0,0.646890,0.831318,0.184428,0.679469,0.683220,-0.032579,0.148098,0.180677,0.517044,6689
3714,centered,3,1/4,0,0.703361,0.843891,0.140530,0.666368,0.731792,0.036992,0.112100,0.075107,0.596557,6689
3732,raw,6,2/4,1,0.336734,0.772874,0.436141,0.325736,0.750646,0.010998,0.022228,0.011230,0.193381,5099
3732,centered,6,2/4,1,0.477047,0.782391,0.305345,0.469801,0.743705,0.007245,0.038686,0.031441,0.412007,5099
3732,raw,3,1/4,0,0.515061,0.775480,0.260418,0.508080,0.750896,0.006982,0.024584,0.017602,0.400048,5099
3732,centered,3,1/4,0,0.605896,0.813646,0.207750,0.602107,0.786022,0.003789,0.027624,0.023835,0.546668,5099
3738,raw,6,2/4,1,0.566497,0.674878,0.108380,0.400990,0.690732,0.165507,-0.015855,-0.181362,0.279347,3945
3738,centered,6,2/4,1,0.649095,0.703143,0.054048,0.523277,0.685629,0.125818,0.017514,-0.108304,0.487087,3945
3738,raw,3,1/4,0,0.672129,0.689842,0.017714,0.552052,0.684588,0.120077,0.005254,-0.114822,0.447409,3945
3738,centered,3,1/4,0,0.675363,0.759130,0.083767,0.611930,0.731152,0.063433,0.027979,-0.035454,0.578543,3945
3797,raw,6,2/4,1,0.390512,0.801690,0.411179,0.295364,0.738884,0.095147,0.062806,-0.032341,0.242272,6076
3797,centered,6,2/4,1,0.515430,0.785396,0.269965,0.435638,0.710532,0.079792,0.074864,-0.004928,0.440042,6076
3797,raw,3,1/4,0,0.557933,0.802842,0.244908,0.475361,0.732113,0.082572,0.070729,-0.011843,0.433042,6076
3797,centered,3,1/4,0,0.655340,0.822246,0.166906,0.587793,0.757926,0.067547,0.064320,-0.003227,0.574816,6076
3819,raw,6,2/4,1,0.804484,0.859016,0.054532,0.682366,0.728919,0.122118,0.130097,0.007979,0.673623,0131
3819,centered,6,2/4,1,0.785318,0.826953,0.041635,0.640329,0.716620,0.144989,0.110333,-0.034656,0.635334,0131
3819,raw,3,1/4,0,0.817582,0.826320,0.008739,0.714142,0.728295,0.103440,0.098025,-0.005414,0.675524,0131
3819,centered,3,1/4,0,0.754284,0.846142,0.091858,0.645832,0.762876,0.108452,0.083265,-0.025186,0.631790,0131
3831,raw,6,2/4,1,0.590151,0.840581,0.250430,0.665851,0.697742,-0.075700,0.142839,0.218539,0.463539,0328
3831,centered,6,2/4,1,0.645501,0.821419,0.175917,0.672113,0.710036,-0.026612,0.111382,0.137994,0.534021,0328
3831,raw,3,1/4,0,0.675637,0.831146,0.155509,0.723240,0.719676,-0.047603,0.111470,0.159072,0.572342,0328
3831,centered,3,1/4,0,0.695642,0.847016,0.151374,0.682757,0.771474,0.012885,0.075542,0.062657,0.604672,0328
3861,raw,6,2/4,1,0.502973,0.806388,0.303415,0.519313,0.698934,-0.016341,0.107455,0.123795,0.327061,5158
3861,centered,6,2/4,1,0.593761,0.797115,0.203354,0.608212,0.700816,-0.014451,0.096298,0.110749,0.463068,5158
3861,raw,3,1/4,0,0.620326,0.805526,0.185200,0.621738,0.737731,-0.001412,0.067795,0.069207,0.487907,5158
3861,centered,3,1/4,0,0.662945,0.834366,0.171422,0.658946,0.780472,0.003998,0.053894,0.049896,0.578897,5158
3900,raw,6,2/4,1,0.656853,0.868868,0.212015,0.624370,0.747979,0.032482,0.120889,0.088407,0.534951,5629
3900,centered,6,2/4,1,0.697837,0.839153,0.141316,0.631561,0.754321,0.066276,0.084832,0.018556,0.576896,5629
3900,raw,3,1/4,0,0.715063,0.831064,0.116001,0.696051,0.731776,0.019013,0.099288,0.080276,0.583464,5629
3900,centered,3,1/4,0,0.714585,0.844561,0.129975,0.660315,0.776951,0.054270,0.067609,0.013339,0.613122,5629
3916,raw,6,2/4,1,0.470367,0.619208,0.148841,0.348122,0.674406,0.122245,-0.055198,-0.177442,0.146772,2708
3916,centered,6,2/4,1,0.575291,0.649600,0.074310,0.471625,0.698243,0.103665,-0.048642,-0.152308,0.384810,2708
3916,raw,3,1/4,0,0.614208,0.693086,0.078878,0.538232,0.729859,0.075976,-0.036773,-0.112750,0.401332,2708
3916,centered,3,1/4,0,0.652511,0.763122,0.110611,0.616022,0.785369,0.036489,-0.022247,-0.058736,0.578078,2708
3945,raw,6,2/4,1,0.436228,0.773246,0.337018,0.315536,0.646826,0.120691,0.126419,0.005728,0.219866,5458
3945,centered,6,2/4,1,0.556507,0.778595,0.222088,0.442511,0.643372,0.113996,0.135224,0.021227,0.446479,5458
3945,raw,3,1/4,0,0.601768,0.751464,0.149696,0.493811,0.637804,0.107956,0.113660,0.005703,0.417013,5458
3945,centered,3,1/4,0,0.668621,0.793577,0.124956,0.584837,0.677072,0.083784,0.116505,0.032721,0.584768,5458
3947,raw,6,2/4,1,0.495922,0.699517,0.203595,0.308196,0.677694,0.187726,0.021823,-0.165902,0.253781,2952
3947,centered,6,2/4,1,0.605618,0.717790,0.112172,0.440210,0.676121,0.165408,0.041669,-0.123739,0.474070,2952
3947,raw,3,1/4,0,0.618941,0.679969,0.061028,0.491434,0.654070,0.127507,0.025899,-0.101608,0.419653,2952
3947,centered,3,1/4,0,0.661443,0.734414,0.072971,0.577457,0.696290,0.083986,0.038124,-0.045862,0.559946,2952
3963,raw,6,2/4,1,0.512949,0.766534,0.253585,0.367851,0.777394,0.145098,-0.010860,-0.155958,0.291500,0217
3963,centered,6,2/4,1,0.621199,0.751697,0.130498,0.494693,0.752474,0.126505,-0.000777,-0.127282,0.473945,0217
3963,raw,3,1/4,0,0.629567,0.768050,0.138483,0.547252,0.765409,0.082315,0.002641,-0.079674,0.455061,0217
3963,centered,3,1/4,0,0.694229,0.797794,0.103566,0.630535,0.787939,0.063694,0.009855,-0.053839,0.601947,0217
4018,raw,6,2/4,1,0.350703,0.803462,0.452760,0.505075,0.628535,-0.154372,0.174927,0.329299,0.299324,4872
4018,centered,6,2/4,1,0.480087,0.792216,0.312128,0.566672,0.674459,-0.086585,0.117757,0.204341,0.484643,4872
4018,raw,3,1/4,0,0.517401,0.760209,0.242809,0.618672,0.649469,-0.101272,0.110740,0.212012,0.432292,4872
4018,centered,3,1/4,0,0.624226,0.771881,0.147655,0.641355,0.710531,-0.017129,0.061349,0.078478,0.547971,4872
4027,raw,6,2/4,1,0.726884,0.786815,0.059930,0.626408,0.784924,0.100477,0.001891,-0.098586,0.530058,3621
4027,centered,6,2/4,1,0.739212,0.775739,0.036527,0.640701,0.778905,0.098511,-0.003165,-0.101677,0.568156,3621
4027,raw,3,1/4,0,0.757437,0.792744,0.035307,0.689668,0.792555,0.067769,0.000189,-0.067580,0.590948,3621
4027,centered,3,1/4,0,0.732744,0.820876,0.088131,0.683964,0.823973,0.048781,-0.003097,-0.051878,0.615450,3621
4068,raw,6,2/4,1,0.407952,0.750014,0.342063,0.387968,0.751198,0.019984,-0.001184,-0.021168,0.208732,6360
4068,centered,6,2/4,1,0.531213,0.744551,0.213338,0.511916,0.736565,0.019297,0.007986,-0.011312,0.408524,6360
4068,raw,3,1/4,0,0.590509,0.764418,0.173909,0.574686,0.751060,0.015823,0.013359,-0.002464,0.447991,6360
4068,centered,3,1/4,0,0.654867,0.802757,0.147890,0.638658,0.790496,0.016209,0.012261,-0.003948,0.589234,6360
4104,raw,6,2/4,1,0.644034,0.857859,0.213826,0.616384,0.700564,0.027650,0.157295,0.129645,0.518231,0406
4104,centered,6,2/4,1,0.684802,0.842312,0.157510,0.615435,0.693275,0.069367,0.149037,0.079670,0.566543,0406
4104,raw,3,1/4,0,0.709751,0.845323,0.135571,0.674391,0.707579,0.035360,0.137743,0.102383,0.595656,0406
4104,centered,3,1/4,0,0.713413,0.858528,0.145115,0.636410,0.743669,0.077003,0.114860,0.037857,0.604155,0406
4116,raw,6,2/4,1,0.589411,0.805791,0.216380,0.612977,0.765914,-0.023566,0.039878,0.063444,0.476866,0251
4116,centered,6,2/4,1,0.635435,0.793174,0.157739,0.637463,0.762395,-0.002028,0.030779,0.032806,0.537921,0251
4116,raw,3,1/4,0,0.701724,0.793404,0.091679,0.701307,0.771933,0.000417,0.021471,0.021053,0.572658,0251
4116,centered,3,1/4,0,0.689403,0.827931,0.138527,0.674641,0.810338,0.014762,0.017593,0.002830,0.580162,0251
4132,raw,6,2/4,1,0.447446,0.643518,0.196072,0.281120,0.712006,0.166325,-0.068489,-0.234814,0.211580,2090
4132,centered,6,2/4,1,0.552836,0.683848,0.131012,0.438485,0.708644,0.114352,-0.024796,-0.139148,0.416477,2090
4132,raw,3,1/4,0,0.579086,0.708223,0.129137,0.499253,0.746156,0.079833,-0.037933,-0.117767,0.425469,2090
4132,centered,3,1/4,0,0.647431,0.772400,0.124969,0.618689,0.791091,0.028742,-0.018692,-0.047433,0.556509,2090
4151,raw,6,2/4,1,0.510849,0.784515,0.273665,0.443725,0.807999,0.067125,-0.023484,-0.090609,0.326778,5230
4151,centered,6,2/4,1,0.596746,0.783594,0.186848,0.539788,0.804969,0.056958,-0.021375,-0.078333,0.469348,5230
4151,raw,3,1/4,0,0.634600,0.797937,0.163337,0.590625,0.790655,0.043975,0.007282,-0.036693,0.487543,5230
4151,centered,3,1/4,0,0.676631,0.833099,0.156469,0.641942,0.824664,0.034688,0.008435,-0.026253,0.583138,5230
4158,raw,6,2/4,1,0.398928,0.681229,0.282301,0.242189,0.750039,0.156739,-0.068810,-0.225549,0.157425,0774
4158,centered,6,2/4,1,0.540751,0.700275,0.159524,0.413603,0.736082,0.127148,-0.035807,-0.162954,0.408064,0774
4158,raw,3,1/4,0,0.574257,0.716336,0.142079,0.461313,0.753492,0.112943,-0.037156,-0.150100,0.395301,0774
4158,centered,3,1/4,0,0.653368,0.772506,0.119138,0.599355,0.780946,0.054014,-0.008440,-0.062453,0.573847,0774
4211,raw,6,2/4,1,0.647955,0.813781,0.165826,0.594044,0.584013,0.053911,0.229768,0.175858,0.482174,4467
4211,centered,6,2/4,1,0.698938,0.791447,0.092509,0.579058,0.619980,0.119880,0.171467,0.051587,0.556700,4467
4211,raw,3,1/4,0,0.704150,0.793371,0.089221,0.657636,0.607033,0.046515,0.186338,0.139823,0.551986,4467
4211,centered,3,1/4,0,0.705741,0.818065,0.112325,0.596836,0.677012,0.108905,0.141053,0.032149,0.603750,4467
4243,raw,6,2/4,1,0.590013,0.877980,0.287968,0.579438,0.649179,0.010575,0.228801,0.218226,0.496953,5373
4243,centered,6,2/4,1,0.646171,0.850011,0.203840,0.588593,0.649608,0.057578,0.200404,0.142825,0.564942,5373
4243,raw,3,1/4,0,0.658104,0.855370,0.197266,0.634396,0.669803,0.023707,0.185567,0.161859,0.558019,5373
4243,centered,3,1/4,0,0.691349,0.861727,0.170377,0.612762,0.716512,0.078587,0.145215,0.066628,0.602524,5373
4259,raw,6,2/4,1,0.456417,0.817232,0.360815,0.360020,0.739030,0.096397,0.078202,-0.018194,0.306781,0959
4259,centered,6,2/4,1,0.556213,0.809961,0.253748,0.476214,0.712727,0.080000,0.097234,0.017235,0.474975,0959
4259,raw,3,1/4,0,0.587837,0.769072,0.181235,0.503137,0.730586,0.084700,0.038486,-0.046213,0.448069,0959
4259,centered,3,1/4,0,0.643124,0.803489,0.160365,0.585487,0.747828,0.057637,0.055661,-0.001976,0.563995,0959
4262,raw,6,2/4,1,0.610347,0.720825,0.110477,0.449076,0.761843,0.161271,-0.041018,-0.202289,0.344592,6179
4262,centered,6,2/4,1,0.670483,0.731575,0.061091,0.529045,0.764355,0.141439,-0.032780,-0.174218,0.499917,6179
4262,raw,3,1/4,0,0.699287,0.726270,0.026984,0.590483,0.756047,0.108804,-0.029777,-0.138581,0.495363,6179
4262,centered,3,1/4,0,0.696647,0.776409,0.079762,0.627862,0.794760,0.068785,-0.018350,-0.087135,0.599977,6179
4265,raw,6,2/4,1,0.377289,0.788880,0.411591,0.356615,0.726393,0.020674,0.062487,0.041813,0.192697,4377
4265,centered,6,2/4,1,0.525483,0.785268,0.259785,0.502756,0.727272,0.022727,0.057995,0.035268,0.436323,4377
4265,raw,3,1/4,0,0.568094,0.771708,0.203614,0.533772,0.728165,0.034322,0.043543,0.009221,0.414594,4377
4265,centered,3,1/4,0,0.653289,0.811698,0.158409,0.617618,0.771135,0.035671,0.040563,0.004892,0.579266,4377
4267,raw,6,2/4,1,0.355250,0.699443,0.344193,0.311149,0.712862,0.044101,-0.013419,-0.057519,0.127527,1235
4267,centered,6,2/4,1,0.496200,0.711284,0.215084,0.458296,0.719929,0.037904,-0.008645,-0.046549,0.380546,1235
4267,raw,3,1/4,0,0.558306,0.714584,0.156278,0.500124,0.709860,0.058182,0.004724,-0.053458,0.373128,1235
4267,centered,3,1/4,0,0.633398,0.771494,0.138097,0.596488,0.763702,0.036910,0.007792,-0.029118,0.559762,1235
4291,raw,6,2/4,1,0.619104,0.848773,0.229670,0.557610,0.593197,0.061494,0.255576,0.194083,0.540269,3738
4291,centered,6,2/4,1,0.652564,0.834523,0.181958,0.538270,0.614485,0.114295,0.220037,0.105743,0.577481,3738
4291,raw,3,1/4,0,0.719313,0.843335,0.124022,0.630642,0.631335,0.088671,0.212000,0.123329,0.634066,3738
4291,centered,3,1/4,0,0.716187,0.857824,0.141637,0.559409,0.700748,0.156778,0.157076,0.000298,0.601414,3738
4292,raw,6,2/4,1,0.598744,0.769099,0.170355,0.512146,0.769352,0.086599,-0.000253,-0.086851,0.406510,0085
4292,centered,6,2/4,1,0.646840,0.762885,0.116046,0.576299,0.758380,0.070540,0.004505,-0.066035,0.500945,0085
4292,raw,3,1/4,0,0.687878,0.782282,0.094405,0.621684,0.779474,0.066193,0.002808,-0.063385,0.543733,0085
4292,centered,3,1/4,0,0.684561,0.823258,0.138697,0.640327,0.812938,0.044234,0.010320,-0.033914,0.600087,0085
4297,raw,6,2/4,1,0.683578,0.816705,0.133127,0.603357,0.799035,0.080222,0.017670,-0.062551,0.539031,1051
4297,centered,6,2/4,1,0.711776,0.804147,0.092371,0.640080,0.782021,0.071696,0.022126,-0.049570,0.580565,1051
4297,raw,3,1/4,0,0.706759,0.817575,0.110816,0.665396,0.791221,0.041364,0.026355,-0.015009,0.585822,1051
4297,centered,3,1/4,0,0.705246,0.837746,0.132500,0.681724,0.807994,0.023522,0.029752,0.006230,0.600836,1051
4301,raw,6,2/4,1,0.551214,0.758854,0.207639,0.465448,0.817211,0.085766,-0.058357,-0.144124,0.355342,6515
4301,centered,6,2/4,1,0.618197,0.747355,0.129158,0.560135,0.789648,0.058063,-0.042292,-0.100355,0.483461,6515
4301,raw,3,1/4,0,0.654902,0.765175,0.110272,0.594648,0.801556,0.060254,-0.036381,-0.096635,0.502533,6515
4301,centered,3,1/4,0,0.680415,0.801802,0.121386,0.652907,0.819609,0.027508,-0.017807,-0.045315,0.600126,6515
4316,raw,6,2/4,1,0.664352,0.866526,0.202175,0.662488,0.818844,0.001864,0.047682,0.045818,0.551288,1539
4316,centered,6,2/4,1,0.697884,0.846629,0.148745,0.690322,0.797948,0.007562,0.048681,0.041119,0.591053,1539
4316,raw,3,1/4,0,0.717718,0.825803,0.108085,0.715325,0.797055,0.002393,0.028748,0.026355,0.588483,1539
4316,centered,3,1/4,0,0.713840,0.844575,0.130735,0.697365,0.818817,0.016475,0.025758,0.009283,0.614957,1539
4327,raw,6,2/4,1,0.664384,0.824838,0.160454,0.605376,0.820314,0.059009,0.004524,-0.054485,0.531161,6279
4327,centered,6,2/4,1,0.691381,0.825672,0.134291,0.654462,0.795878,0.036919,0.029794,-0.007125,0.579467,6279
4327,raw,3,1/4,0,0.739888,0.806588,0.066700,0.672678,0.793829,0.067210,0.012759,-0.054451,0.607025,6279
4327,centered,3,1/4,0,0.721871,0.835600,0.113729,0.677639,0.813573,0.044232,0.022028,-0.022205,0.594593,6279
4354,raw,6,2/4,1,0.640544,0.849521,0.208977,0.581539,0.796276,0.059005,0.053245,-0.005760,0.514535,4725
4354,centered,6,2/4,1,0.687260,0.814021,0.126762,0.620243,0.773604,0.067017,0.040417,-0.026599,0.563669,4725
4354,raw,3,1/4,0,0.676233,0.827093,0.150861,0.635639,0.774637,0.040593,0.052456,0.011863,0.563399,4725
4354,centered,3,1/4,0,0.698560,0.840428,0.141868,0.658153,0.796556,0.040407,0.043873,0.003465,0.603842,4725
4374,raw,6,2/4,1,0.433222,0.736555,0.303333,0.333423,0.713325,0.099799,0.023230,-0.076569,0.227705,5878
4374,centered,6,2/4,1,0.555604,0.746026,0.190421,0.460908,0.726974,0.094696,0.019051,-0.075645,0.444216,5878
4374,raw,3,1/4,0,0.586943,0.712193,0.125250,0.525360,0.691078,0.061583,0.021115,-0.040468,0.403467,5878
4374,centered,3,1/4,0,0.652943,0.761561,0.108618,0.609499,0.739100,0.043444,0.022461,-0.020983,0.563828,5878
4377,raw,6,2/4,1,0.532807,0.772656,0.239848,0.368339,0.738229,0.164468,0.034427,-0.130041,0.322442,0519
4377,centered,6,2/4,1,0.623642,0.778241,0.154599,0.488599,0.714088,0.135042,0.064153,-0.070889,0.499128,0519
4377,raw,3,1/4,0,0.648178,0.759923,0.111745,0.531806,0.722868,0.116372,0.037055,-0.079317,0.474687,0519
4377,centered,3,1/4,0,0.683666,0.800686,0.117020,0.609121,0.747359,0.074545,0.053327,-0.021218,0.593978,0519
4387,raw,6,2/4,1,0.642500,0.850986,0.208485,0.583894,0.814400,0.058606,0.036586,-0.022020,0.500740,3151
4387,centered,6,2/4,1,0.691027,0.823220,0.132193,0.613552,0.810367,0.077475,0.012853,-0.064622,0.557600,3151
4387,raw,3,1/4,0,0.698140,0.821912,0.123772,0.656920,0.802338,0.041220,0.019574,-0.021646,0.561692,3151
4387,centered,3,1/4,0,0.703992,0.838379,0.134387,0.658278,0.832186,0.045715,0.006193,-0.039522,0.605980,3151
4415,raw,6,2/4,1,0.631052,0.862268,0.231216,0.608516,0.791341,0.022535,0.070927,0.048391,0.507881,1501
4415,centered,6,2/4,1,0.673488,0.840137,0.166649,0.637726,0.782735,0.035763,0.057402,0.021640,0.567362,1501
4415,raw,3,1/4,0,0.697220,0.832576,0.135356,0.699161,0.758364,-0.001941,0.074212,0.076153,0.576705,1501
4415,centered,3,1/4,0,0.702599,0.842526,0.139927,0.675425,0.790511,0.027175,0.052015,0.024841,0.595779,1501
4435,raw,6,2/4,1,0.715961,0.732995,0.017034,0.657227,0.723259,0.058734,0.009736,-0.048998,0.479618,0378
4435,centered,6,2/4,1,0.707077,0.735551,0.028473,0.674925,0.716756,0.032152,0.018795,-0.013358,0.527167,0378
4435,raw,3,1/4,0,0.773042,0.761363,-0.011679,0.739489,0.756720,0.033553,0.004643,-0.028910,0.588954,0378
4435,centered,3,1/4,0,0.721498,0.805616,0.084118,0.709316,0.790941,0.012181,0.014675,0.002494,0.609000,0378
4466,raw,6,2/4,1,0.671902,0.803538,0.131635,0.638624,0.757967,0.033279,0.045571,0.012292,0.516803,1774
4466,centered,6,2/4,1,0.689190,0.798913,0.109723,0.668356,0.740693,0.020835,0.058220,0.037385,0.548287,1774
4466,raw,3,1/4,0,0.739248,0.802339,0.063092,0.716423,0.767355,0.022825,0.034985,0.012160,0.617628,1774
4466,centered,3,1/4,0,0.712837,0.827713,0.114876,0.683102,0.803350,0.029735,0.024363,-0.005372,0.603636,1774
4467,raw,6,2/4,1,0.374690,0.658523,0.283833,0.264787,0.701936,0.109903,-0.043413,-0.153316,0.130518,4151
4467,centered,6,2/4,1,0.519121,0.697229,0.178108,0.441904,0.698405,0.077217,-0.001176,-0.078393,0.400528,4151
4467,raw,3,1/4,0,0.493435,0.689039,0.195604,0.441863,0.725090,0.051572,-0.036051,-0.087623,0.315314,4151
4467,centered,3,1/4,0,0.571050,0.750617,0.179567,0.574647,0.755468,-0.003597,-0.004852,-0.001254,0.498795,4151
4480,raw,6,2/4,1,0.309491,0.871542,0.562051,0.260665,0.758908,0.048826,0.112634,0.063808,0.194737,5198
4480,centered,6,2/4,1,0.465897,0.864676,0.398779,0.426396,0.752800,0.039501,0.111876,0.072376,0.438773,5198
4480,raw,3,1/4,0,0.540388,0.830350,0.289962,0.490480,0.749983,0.049908,0.080367,0.030458,0.425381,5198
4480,centered,3,1/4,0,0.641678,0.854627,0.212949,0.606610,0.774308,0.035068,0.080319,0.045251,0.569544,5198
4502,raw,6,2/4,1,0.571203,0.841321,0.270119,0.477401,0.876722,0.093802,-0.035401,-0.129203,0.438895,3361
4502,centered,6,2/4,1,0.636193,0.831025,0.194832,0.566320,0.845849,0.069873,-0.014824,-0.084696,0.535228,3361
4502,raw,3,1/4,0,0.652667,0.824322,0.171654,0.587776,0.857396,0.064891,-0.033074,-0.097965,0.527160,3361
4502,centered,3,1/4,0,0.681973,0.841002,0.159029,0.648390,0.861306,0.033583,-0.020304,-0.053887,0.573062,3361
4546,raw,6,2/4,1,0.771252,0.819842,0.048590,0.664630,0.721426,0.106622,0.098416,-0.008205,0.612328,6325
4546,centered,6,2/4,1,0.769021,0.800711,0.031690,0.648763,0.711582,0.120258,0.089129,-0.031129,0.616989,6325
4546,raw,3,1/4,0,0.777175,0.814903,0.037729,0.696611,0.718629,0.080564,0.096275,0.015711,0.637666,6325
4546,centered,3,1/4,0,0.739764,0.833279,0.093515,0.642937,0.763104,0.096828,0.070175,-0.026653,0.623034,6325
4555,raw,6,2/4,1,0.443828,0.851787,0.407959,0.480186,0.686162,-0.036357,0.165625,0.201983,0.329741,2448
4555,centered,6,2/4,1,0.535775,0.842722,0.306946,0.554586,0.686017,-0.018811,0.156705,0.175516,0.471402,2448
4555,raw,3,1/4,0,0.594494,0.854010,0.259516,0.599008,0.704159,-0.004515,0.149851,0.154366,0.496825,2448
4555,centered,3,1/4,0,0.665327,0.868179,0.202852,0.620862,0.757277,0.044465,0.110902,0.066436,0.582012,2448
4568,raw,6,2/4,1,0.709369,0.814235,0.104866,0.567281,0.590629,0.142087,0.223606,0.081519,0.522554,2179
4568,centered,6,2/4,1,0.730097,0.796044,0.065947,0.544323,0.595138,0.185774,0.200905,0.015131,0.557763,2179
4568,raw,3,1/4,0,0.747470,0.811615,0.064145,0.635204,0.626773,0.112266,0.184842,0.072576,0.595280,2179
4568,centered,3,1/4,0,0.726947,0.831568,0.104622,0.583569,0.684085,0.143378,0.147483,0.004105,0.606657,2179
4589,raw,6,2/4,1,0.340504,0.822760,0.482255,0.307226,0.790177,0.033279,0.032583,-0.000696,0.247039,4965
4589,centered,6,2/4,1,0.485268,0.806947,0.321680,0.451488,0.772680,0.033780,0.034267,0.000487,0.456487,4965
4589,raw,3,1/4,0,0.530609,0.784661,0.254052,0.503536,0.787186,0.027073,-0.002525,-0.029597,0.426274,4965
4589,centered,3,1/4,0,0.639587,0.808719,0.169133,0.629560,0.804245,0.010027,0.004475,-0.005553,0.567180,4965
4658,raw,6,2/4,1,0.388824,0.725281,0.336457,0.415008,0.601080,-0.026184,0.124201,0.150385,0.178970,6139
4658,centered,6,2/4,1,0.529249,0.730753,0.201504,0.526296,0.615233,0.002953,0.115520,0.112567,0.408535,6139
4658,raw,3,1/4,0,0.555817,0.709743,0.153926,0.554651,0.620021,0.001165,0.089722,0.088557,0.378721,6139
4658,centered,3,1/4,0,0.638007,0.758544,0.120537,0.593169,0.694075,0.044838,0.064469,0.019631,0.562271,6139
4697,raw,6,2/4,1,0.346525,0.811839,0.465315,0.327355,0.786093,0.019170,0.025746,0.006577,0.234581,2079
4697,centered,6,2/4,1,0.495413,0.790413,0.295000,0.471391,0.756430,0.024022,0.033983,0.009961,0.414581,2079
4697,raw,3,1/4,0,0.526402,0.831714,0.305312,0.498583,0.805111,0.027820,0.026603,-0.001217,0.425463,2079
4697,centered,3,1/4,0,0.636769,0.854343,0.217575,0.616851,0.823456,0.019918,0.030888,0.010969,0.561081,2079
4702,raw,6,2/4,1,0.500830,0.845251,0.344421,0.433932,0.800816,0.066898,0.044435,-0.022463,0.385537,4291
4702,centered,6,2/4,1,0.589944,0.821479,0.231535,0.521974,0.780960,0.067970,0.040520,-0.027451,0.509111,4291
4702,raw,3,1/4,0,0.617067,0.810328,0.193261,0.569433,0.783852,0.047634,0.026475,-0.021158,0.499633,4291
4702,centered,3,1/4,0,0.667568,0.831812,0.164244,0.630204,0.805770,0.037363,0.026042,-0.011321,0.592184,4291
4725,raw,6,2/4,1,0.705135,0.814829,0.109694,0.692330,0.784439,0.012805,0.030390,0.017585,0.627476,3017
4725,centered,6,2/4,1,0.711229,0.803210,0.091982,0.690666,0.777431,0.020563,0.025779,0.005216,0.634340,3017
4725,raw,3,1/4,0,0.753601,0.767591,0.013991,0.736495,0.762558,0.017105,0.005033,-0.012072,0.639474,3017
4725,centered,3,1/4,0,0.718191,0.784081,0.065890,0.687704,0.784651,0.030487,-0.000570,-0.031057,0.574944,3017
4733,raw,6,2/4,1,0.638727,0.825132,0.186405,0.604566,0.807055,0.034162,0.018078,-0.016084,0.499604,3499
4733,centered,6,2/4,1,0.683076,0.800475,0.117399,0.633838,0.792849,0.049238,0.007625,-0.041613,0.541495,3499
4733,raw,3,1/4,0,0.702655,0.803382,0.100727,0.672361,0.795294,0.030294,0.008088,-0.022206,0.569452,3499
4733,centered,3,1/4,0,0.703672,0.824120,0.120447,0.673047,0.823368,0.030626,0.000751,-0.029874,0.583297,3499
4740,raw,6,2/4,1,0.544880,0.677354,0.132474,0.377123,0.755541,0.167757,-0.078187,-0.245944,0.257611,5906
4740,centered,6,2/4,1,0.620555,0.696838,0.076283,0.492115,0.743360,0.128440,-0.046521,-0.174962,0.437575,5906
4740,raw,3,1/4,0,0.680569,0.699803,0.019234,0.555834,0.766476,0.124735,-0.066673,-0.191408,0.458401,5906
4740,centered,3,1/4,0,0.687445,0.768374,0.080928,0.636494,0.797486,0.050951,-0.029113,-0.080064,0.584549,5906
4787,raw,6,2/4,1,0.454481,0.762603,0.308122,0.362644,0.724013,0.091836,0.038590,-0.053247,0.244799,5719
4787,centered,6,2/4,1,0.574900,0.765107,0.190207,0.501235,0.721210,0.073665,0.043896,-0.029769,0.451751,5719
4787,raw,3,1/4,0,0.624163,0.766070,0.141907,0.552274,0.740218,0.071889,0.025852,-0.046038,0.453613,5719
4787,centered,3,1/4,0,0.666265,0.807535,0.141271,0.615788,0.775319,0.050476,0.032216,-0.018260,0.576430,5719
4823,raw,6,2/4,1,0.323431,0.849811,0.526380,0.222177,0.734388,0.101254,0.115423,0.014170,0.192505,4354
4823,centered,6,2/4,1,0.470395,0.834472,0.364077,0.378804,0.689888,0.091591,0.144584,0.052993,0.414028,4354
4823,raw,3,1/4,0,0.540687,0.829911,0.289223,0.451973,0.706513,0.088714,0.123398,0.034684,0.429212,4354
4823,centered,3,1/4,0,0.642523,0.850655,0.208132,0.564256,0.725443,0.078266,0.125212,0.046946,0.580458,4354
4826,raw,6,2/4,1,0.514380,0.835070,0.320690,0.430937,0.731077,0.083443,0.103993,0.020550,0.382754,1008
4826,centered,6,2/4,1,0.595394,0.836203,0.240809,0.513578,0.709213,0.081816,0.126990,0.045174,0.510694,1008
4826,raw,3,1/4,0,0.630978,0.824264,0.193285,0.545308,0.706969,0.085671,0.117294,0.031624,0.523032,1008
4826,centered,3,1/4,0,0.679074,0.850036,0.170962,0.600384,0.737859,0.078690,0.112177,0.033487,0.587109,1008
4872,raw,6,2/4,1,0.555163,0.643901,0.088739,0.353849,0.767856,0.201313,-0.123955,-0.325269,0.247464,6701
4872,centered,6,2/4,1,0.619612,0.669195,0.049583,0.492297,0.743586,0.127315,-0.074391,-0.201706,0.427387,6701
4872,raw,3,1/4,0,0.670821,0.698323,0.027502,0.550273,0.769987,0.120548,-0.071664,-0.192212,0.454514,6701
4872,centered,3,1/4,0,0.677620,0.760235,0.082614,0.652769,0.788843,0.024851,-0.028608,-0.053459,0.573659,6701
4940,raw,6,2/4,1,0.671728,0.866876,0.195148,0.687119,0.764918,-0.015391,0.101959,0.117349,0.543465,6709
4940,centered,6,2/4,1,0.704179,0.842365,0.138187,0.683441,0.770183,0.020738,0.072183,0.051445,0.580580,6709
4940,raw,3,1/4,0,0.720470,0.845666,0.125195,0.713989,0.766484,0.006481,0.079182,0.072701,0.584743,6709
4940,centered,3,1/4,0,0.719657,0.858677,0.139020,0.685160,0.804734,0.034496,0.053943,0.019447,0.606526,6709
4965,raw,6,2/4,1,0.757017,0.838284,0.081267,0.632858,0.710497,0.124159,0.127786,0.003627,0.627523,1244
4965,centered,6,2/4,1,0.746607,0.828409,0.081802,0.601345,0.693862,0.145263,0.134547,-0.010715,0.600796,1244
4965,raw,3,1/4,0,0.793861,0.838165,0.044305,0.693914,0.713545,0.099947,0.124620,0.024673,0.679821,1244
4965,centered,3,1/4,0,0.737099,0.856761,0.119662,0.612349,0.757656,0.124750,0.099105,-0.025645,0.595847,1244
5057,raw,6,2/4,1,0.532729,0.842898,0.310169,0.506132,0.725431,0.026596,0.117467,0.090871,0.398327,2666
5057,centered,6,2/4,1,0.599516,0.836005,0.236488,0.573868,0.709189,0.025649,0.126816,0.101167,0.512987,2666
5057,raw,3,1/4,0,0.647279,0.837519,0.190240,0.580223,0.706849,0.067056,0.130670,0.063614,0.531887,2666
5057,centered,3,1/4,0,0.688258,0.861195,0.172938,0.614916,0.740448,0.073342,0.120747,0.047405,0.601735,2666
5060,raw,6,2/4,1,0.491843,0.824406,0.332563,0.467662,0.694170,0.024181,0.130236,0.106055,0.337415,3646
5060,centered,6,2/4,1,0.589615,0.812017,0.222401,0.544959,0.699075,0.044656,0.112942,0.068286,0.498198,3646
5060,raw,3,1/4,0,0.629020,0.810276,0.181255,0.590559,0.698907,0.038461,0.111369,0.072908,0.491959,3646
5060,centered,3,1/4,0,0.687045,0.833152,0.146107,0.617495,0.750253,0.069550,0.082899,0.013349,0.597788,3646
5099,raw,6,2/4,1,0.351776,0.822711,0.470935,0.324476,0.733492,0.027300,0.089218,0.061918,0.203600,4301
5099,centered,6,2/4,1,0.497625,0.818170,0.320545,0.467507,0.726884,0.030118,0.091287,0.061168,0.424114,4301
5099,raw,3,1/4,0,0.550773,0.800488,0.249716,0.526044,0.740316,0.024729,0.060172,0.035443,0.417364,4301
5099,centered,3,1/4,0,0.638566,0.830167,0.191601,0.613421,0.779943,0.025146,0.050224,0.025078,0.570913,4301
5120,raw,6,2/4,1,0.252076,0.887740,0.635664,0.243411,0.697219,0.008665,0.190521,0.181856,0.159724,1977
5120,centered,6,2/4,1,0.426603,0.871077,0.444474,0.395061,0.692052,0.031542,0.179024,0.147482,0.407472,1977
5120,raw,3,1/4,0,0.489874,0.848269,0.358395,0.466011,0.680089,0.023862,0.168180,0.144318,0.395552,1977
5120,centered,3,1/4,0,0.617269,0.867922,0.250653,0.571404,0.715687,0.045866,0.152235,0.106370,0.568852,1977
5158,raw,6,2/4,1,0.488304,0.762387,0.274083,0.527905,0.590488,-0.039601,0.171899,0.211499,0.294617,3508
5158,centered,6,2/4,1,0.585566,0.763901,0.178335,0.576320,0.639931,0.009246,0.123969,0.114724,0.457638,3508
5158,raw,3,1/4,0,0.603454,0.771110,0.167656,0.614231,0.652448,-0.010777,0.118661,0.129438,0.457787,3508
5158,centered,3,1/4,0,0.655953,0.803195,0.147241,0.617621,0.723684,0.038332,0.079511,0.041179,0.562045,3508
5163,raw,6,2/4,1,0.686531,0.708240,0.021709,0.523466,0.761034,0.163065,-0.052794,-0.215859,0.457532,2734
5163,centered,6,2/4,1,0.703685,0.713183,0.009498,0.573301,0.737038,0.130384,-0.023856,-0.154239,0.527199,2734
5163,raw,3,1/4,0,0.740505,0.754187,0.013682,0.618954,0.775521,0.121551,-0.021334,-0.142885,0.571177,2734
5163,centered,3,1/4,0,0.726798,0.790231,0.063433,0.648920,0.798968,0.077878,-0.008736,-0.086615,0.609384,2734
5174,raw,6,2/4,1,0.500682,0.790044,0.289361,0.425392,0.726059,0.075290,0.063985,-0.011306,0.320628,4292
5174,centered,6,2/4,1,0.597307,0.794589,0.197282,0.518796,0.735186,0.078511,0.059403,-0.019108,0.494918,4292
5174,raw,3,1/4,0,0.656087,0.769882,0.113795,0.596607,0.724231,0.059480,0.045651,-0.013828,0.500437,4292
5174,centered,3,1/4,0,0.681725,0.811880,0.130154,0.639806,0.766192,0.041920,0.045687,0.003768,0.582123,4292
5193,raw,6,2/4,1,0.339005,0.782334,0.443329,0.422297,0.635424,-0.083292,0.146910,0.230202,0.171964,4740
5193,centered,6,2/4,1,0.481980,0.785683,0.303703,0.530873,0.664692,-0.048893,0.120991,0.169884,0.394685,4740
5193,raw,3,1/4,0,0.547422,0.779068,0.231646,0.613343,0.667854,-0.065921,0.111214,0.177136,0.414296,4740
5193,centered,3,1/4,0,0.644485,0.818239,0.173754,0.654223,0.743825,-0.009738,0.074414,0.084152,0.576502,4740
5198,raw,6,2/4,1,0.460285,0.839361,0.379076,0.450984,0.814237,0.009301,0.025125,0.015824,0.357502,3625
5198,centered,6,2/4,1,0.565773,0.836752,0.270979,0.549102,0.808678,0.016671,0.028074,0.011403,0.497174,3625
5198,raw,3,1/4,0,0.584288,0.834287,0.249999,0.564249,0.817545,0.020039,0.016742,-0.003296,0.494720,3625
5198,centered,3,1/4,0,0.640063,0.853336,0.213273,0.614799,0.842981,0.025264,0.010355,-0.014909,0.546021,3625
5219,raw,6,2/4,1,0.430374,0.789075,0.358701,0.539201,0.516505,-0.108828,0.272570,0.381398,0.267521,5706
5219,centered,6,2/4,1,0.538065,0.792917,0.254852,0.578167,0.560628,-0.040102,0.232289,0.272391,0.442059,5706
5219,raw,3,1/4,0,0.564970,0.791153,0.226183,0.630725,0.609651,-0.065755,0.181502,0.247257,0.451000,5706
5219,centered,3,1/4,0,0.614700,0.830718,0.216018,0.603523,0.692577,0.011176,0.138142,0.126965,0.550069,5706
5225,raw,6,2/4,1,0.446760,0.743778,0.297018,0.244728,0.661944,0.202032,0.081834,-0.120198,0.238313,6725
5225,centered,6,2/4,1,0.565355,0.769379,0.204024,0.397149,0.646106,0.168206,0.123273,-0.044933,0.469145,6725
5225,raw,3,1/4,0,0.603424,0.726487,0.123063,0.471249,0.640862,0.132175,0.085625,-0.046550,0.427844,6725
5225,centered,3,1/4,0,0.665516,0.780581,0.115065,0.589589,0.677324,0.075927,0.103257,0.027330,0.573772,6725
5230,raw,6,2/4,1,0.688375,0.804677,0.116301,0.586181,0.756123,0.102194,0.048553,-0.053641,0.532050,6742
5230,centered,6,2/4,1,0.705152,0.800180,0.095028,0.612150,0.734495,0.093002,0.065685,-0.027317,0.557298,6742
5230,raw,3,1/4,0,0.751897,0.815532,0.063635,0.657503,0.768652,0.094394,0.046879,-0.047514,0.621091,6742
5230,centered,3,1/4,0,0.725664,0.846647,0.120983,0.658876,0.794371,0.066788,0.052276,-0.014512,0.598175,6742
5249,raw,6,2/4,1,0.496982,0.746118,0.249136,0.514004,0.634749,-0.017021,0.111369,0.128391,0.319465,0351
5249,centered,6,2/4,1,0.582717,0.747024,0.164307,0.585391,0.646210,-0.002674,0.100814,0.103488,0.474675,0351
5249,raw,3,1/4,0,0.596407,0.742306,0.145899,0.623820,0.664954,-0.027413,0.077352,0.104765,0.467780,0351
5249,centered,3,1/4,0,0.645694,0.773565,0.127871,0.630554,0.724267,0.015140,0.049298,0.034158,0.579048,0351
5285,raw,6,2/4,1,0.458021,0.722582,0.264562,0.360351,0.676580,0.097670,0.046003,-0.051667,0.207154,1338
5285,centered,6,2/4,1,0.586333,0.734082,0.147749,0.494823,0.680047,0.091510,0.054035,-0.037475,0.434399,1338
5285,raw,3,1/4,0,0.620551,0.719273,0.098723,0.535354,0.707465,0.085197,0.011809,-0.073388,0.435106,1338
5285,centered,3,1/4,0,0.673810,0.768400,0.094590,0.620397,0.748407,0.053413,0.019994,-0.033420,0.594906,1338
5289,raw,6,2/4,1,0.371628,0.784510,0.412882,0.314996,0.826334,0.056632,-0.041824,-0.098456,0.208172,1179
5289,centered,6,2/4,1,0.509050,0.781039,0.271988,0.466350,0.804102,0.042700,-0.023064,-0.065764,0.411668,1179
5289,raw,3,1/4,0,0.569326,0.784568,0.215242,0.529591,0.817071,0.039734,-0.032504,-0.072238,0.437997,1179
5289,centered,3,1/4,0,0.651206,0.819218,0.168012,0.631491,0.839274,0.019715,-0.020056,-0.039771,0.579373,1179
5310,raw,6,2/4,1,0.437889,0.744555,0.306667,0.305158,0.614368,0.132731,0.130187,-0.002544,0.232350,0785
5310,centered,6,2/4,1,0.559051,0.769811,0.210760,0.437573,0.624446,0.121478,0.145365,0.023888,0.465390,0785
5310,raw,3,1/4,0,0.580177,0.730662,0.150485,0.499831,0.626455,0.080346,0.104207,0.023861,0.408657,0785
5310,centered,3,1/4,0,0.643807,0.784988,0.141181,0.587122,0.678785,0.056685,0.106203,0.049518,0.559946,0785
5311,raw,6,2/4,1,0.530269,0.776246,0.245977,0.366086,0.806104,0.164183,-0.029858,-0.194041,0.331351,0681
5311,centered,6,2/4,1,0.606765,0.779173,0.172408,0.477196,0.779447,0.129569,-0.000273,-0.129843,0.476384,0681
5311,raw,3,1/4,0,0.635990,0.775433,0.139443,0.521615,0.819151,0.114375,-0.043718,-0.158093,0.490334,0681
5311,centered,3,1/4,0,0.664214,0.817915,0.153701,0.616072,0.835070,0.048143,-0.017155,-0.065298,0.585084,0681
5317,raw,6,2/4,1,0.614036,0.864181,0.250145,0.639827,0.800451,-0.025792,0.063731,0.089522,0.548726,5057
5317,centered,6,2/4,1,0.657121,0.837138,0.180017,0.661452,0.794621,-0.004331,0.042516,0.046847,0.589434,5057
5317,raw,3,1/4,0,0.687438,0.833475,0.146037,0.697291,0.793679,-0.009853,0.039796,0.049649,0.602229,5057
5317,centered,3,1/4,0,0.700259,0.841855,0.141596,0.681384,0.820483,0.018875,0.021372,0.002497,0.584960,5057
5367,raw,6,2/4,1,0.555183,0.811262,0.256079,0.479774,0.830866,0.075409,-0.019603,-0.095013,0.385293,6115
5367,centered,6,2/4,1,0.639510,0.791603,0.152093,0.568221,0.814469,0.071289,-0.022865,-0.094154,0.516304,6115
5367,raw,3,1/4,0,0.653720,0.792987,0.139267,0.589308,0.810598,0.064412,-0.017611,-0.082023,0.500193,6115
5367,centered,3,1/4,0,0.692489,0.818395,0.125906,0.653874,0.828629,0.038615,-0.010234,-0.048849,0.601428,6115
5369,raw,6,2/4,1,0.666113,0.809874,0.143761,0.598905,0.834858,0.067208,-0.024984,-0.092192,0.518617,0273
5369,centered,6,2/4,1,0.687300,0.799716,0.112417,0.644708,0.814162,0.042592,-0.014446,-0.057038,0.561443,0273
5369,raw,3,1/4,0,0.710313,0.809254,0.098941,0.657595,0.842762,0.052718,-0.033508,-0.086226,0.586038,0273
5369,centered,3,1/4,0,0.690800,0.839661,0.148861,0.673258,0.856513,0.017542,-0.016852,-0.034394,0.594572,0273
5373,raw,6,2/4,1,0.347207,0.722473,0.375265,0.228277,0.678505,0.118930,0.043968,-0.074962,0.137330,1821
5373,centered,6,2/4,1,0.500568,0.735574,0.235006,0.402290,0.660681,0.098278,0.074893,-0.023384,0.391920,1821
5373,raw,3,1/4,0,0.522408,0.742257,0.219849,0.441740,0.702304,0.080668,0.039953,-0.040714,0.372240,1821
5373,centered,3,1/4,0,0.624455,0.789556,0.165101,0.582998,0.734146,0.041457,0.055410,0.013953,0.563098,1821
5429,raw,6,2/4,1,0.403290,0.817873,0.414583,0.457624,0.654524,-0.054333,0.163349,0.217683,0.248028,1885
5429,centered,6,2/4,1,0.516029,0.817254,0.301225,0.556554,0.670598,-0.040525,0.146656,0.187181,0.436131,1885
5429,raw,3,1/4,0,0.577391,0.825086,0.247695,0.594463,0.699154,-0.017072,0.125932,0.143004,0.460715,1885
5429,centered,3,1/4,0,0.644302,0.852847,0.208545,0.621599,0.756098,0.022703,0.096749,0.074046,0.571876,1885
5444,raw,6,2/4,1,0.461960,0.872028,0.410068,0.545416,0.618344,-0.083456,0.253685,0.337141,0.357987,1794
5444,centered,6,2/4,1,0.556266,0.860381,0.304114,0.581374,0.645679,-0.025108,0.214701,0.239809,0.489831,1794
5444,raw,3,1/4,0,0.597499,0.875687,0.278188,0.622533,0.661387,-0.025034,0.214300,0.239334,0.526118,1794
5444,centered,3,1/4,0,0.664628,0.889680,0.225052,0.601204,0.736083,0.063424,0.153597,0.090173,0.598328,1794
5446,raw,6,2/4,1,0.385423,0.737458,0.352035,0.362217,0.795857,0.023206,-0.058400,-0.081605,0.281625,2975
5446,centered,6,2/4,1,0.498770,0.736783,0.238013,0.497355,0.784807,0.001415,-0.048024,-0.049439,0.473219,2975
5446,raw,3,1/4,0,0.560505,0.708123,0.147618,0.548386,0.771772,0.012119,-0.063649,-0.075768,0.450260,2975
5446,centered,3,1/4,0,0.631843,0.738474,0.106631,0.637115,0.791304,-0.005271,-0.052830,-0.047559,0.553071,2975
5456,raw,6,2/4,1,0.669572,0.792704,0.123132,0.508141,0.814590,0.161431,-0.021886,-0.183317,0.483625,2398
5456,centered,6,2/4,1,0.701495,0.779307,0.077812,0.569442,0.785665,0.132054,-0.006357,-0.138411,0.549810,2398
5456,raw,3,1/4,0,0.735293,0.777562,0.042269,0.637267,0.803968,0.098027,-0.026406,-0.124432,0.572654,2398
5456,centered,3,1/4,0,0.707536,0.810726,0.103190,0.658847,0.818974,0.048689,-0.008248,-0.056937,0.601233,2398
5458,raw,6,2/4,1,0.370419,0.745707,0.375289,0.405639,0.647925,-0.035220,0.097782,0.133002,0.187791,3329
5458,centered,6,2/4,1,0.508458,0.749951,0.241493,0.510953,0.656872,-0.002495,0.093079,0.095574,0.402753,3329
5458,raw,3,1/4,0,0.544870,0.769600,0.224730,0.539567,0.675432,0.005303,0.094168,0.088864,0.395356,3329
5458,centered,3,1/4,0,0.638330,0.803240,0.164911,0.603090,0.731421,0.035240,0.071820,0.036580,0.564236,3329
5465,raw,6,2/4,1,0.616474,0.572941,-0.043533,0.279805,0.722231,0.336670,-0.149290,-0.485960,0.260166,6767
5465,centered,6,2/4,1,0.661899,0.651422,-0.010478,0.427225,0.695347,0.234674,-0.043925,-0.278600,0.451901,6767
5465,raw,3,1/4,0,0.705215,0.612969,-0.092245,0.469019,0.699436,0.236195,-0.086467,-0.322662,0.423783,6767
5465,centered,3,1/4,0,0.681966,0.712772,0.030806,0.589279,0.725244,0.092686,-0.012471,-0.105158,0.531524,6767
5473,raw,6,2/4,1,0.631971,0.842845,0.210874,0.634312,0.651533,-0.002341,0.191312,0.193653,0.520979,5697
5473,centered,6,2/4,1,0.670528,0.828585,0.158057,0.630977,0.654251,0.039551,0.174334,0.134783,0.569780,5697
5473,raw,3,1/4,0,0.706270,0.812466,0.106196,0.691239,0.661604,0.015031,0.150862,0.135831,0.604598,5697
5473,centered,3,1/4,0,0.695348,0.837968,0.142620,0.627610,0.723363,0.067738,0.114605,0.046867,0.595003,5697
5510,raw,6,2/4,1,0.659727,0.857759,0.198032,0.688090,0.785721,-0.028363,0.072038,0.100401,0.530801,4546
5510,centered,6,2/4,1,0.692707,0.826549,0.133842,0.707091,0.763093,-0.014384,0.063457,0.077840,0.559973,4546
5510,raw,3,1/4,0,0.695059,0.836372,0.141313,0.716162,0.777019,-0.021103,0.059353,0.080456,0.590669,4546
5510,centered,3,1/4,0,0.694021,0.841092,0.147071,0.697749,0.791923,-0.003727,0.049170,0.052897,0.598937,4546
5513,raw,6,2/4,1,0.383722,0.778592,0.394870,0.372827,0.820648,0.010895,-0.042056,-0.052952,0.246117,2956
5513,centered,6,2/4,1,0.514867,0.762282,0.247415,0.503846,0.807257,0.011021,-0.044975,-0.055996,0.431612,2956
5513,raw,3,1/4,0,0.573126,0.782805,0.209680,0.559253,0.818957,0.013873,-0.036151,-0.050024,0.464990,2956
5513,centered,3,1/4,0,0.654530,0.809192,0.154662,0.647992,0.840349,0.006538,-0.031157,-0.037696,0.588261,2956
5553,raw,6,2/4,1,0.629554,0.821839,0.192285,0.609661,0.776378,0.019893,0.045461,0.025568,0.469827,6259
5553,centered,6,2/4,1,0.677176,0.796481,0.119305,0.647941,0.767057,0.029235,0.029423,0.000188,0.537264,6259
5553,raw,3,1/4,0,0.710847,0.797134,0.086287,0.689490,0.783054,0.021357,0.014080,-0.007278,0.576046,6259
5553,centered,3,1/4,0,0.707249,0.824428,0.117178,0.687626,0.816160,0.019623,0.008268,-0.011355,0.608179,6259
5555,raw,6,2/4,1,0.631389,0.827728,0.196339,0.606643,0.699041,0.024746,0.128687,0.103941,0.460325,5884
5555,centered,6,2/4,1,0.678526,0.812382,0.133856,0.656977,0.691134,0.021549,0.121248,0.099699,0.536829,5884
5555,raw,3,1/4,0,0.696432,0.822127,0.125695,0.671979,0.727084,0.024453,0.095043,0.070590,0.559141,5884
5555,centered,3,1/4,0,0.708014,0.845269,0.137256,0.682393,0.768144,0.025621,0.077125,0.051504,0.610052,5884
5566,raw,6,2/4,1,0.336619,0.756003,0.419383,0.401671,0.596258,-0.065052,0.159745,0.224797,0.120624,1076
5566,centered,6,2/4,1,0.485117,0.763692,0.278575,0.533615,0.614328,-0.048497,0.149364,0.197861,0.369970,1076
5566,raw,3,1/4,0,0.524660,0.762941,0.238281,0.559569,0.603200,-0.034909,0.159741,0.194650,0.387730,1076
5566,centered,3,1/4,0,0.629504,0.793822,0.164318,0.595372,0.679810,0.034132,0.114012,0.079879,0.563360,1076
5599,raw,6,2/4,1,0.447139,0.670123,0.222984,0.365955,0.642820,0.081184,0.027303,-0.053881,0.180139,3009
5599,centered,6,2/4,1,0.565420,0.709836,0.144416,0.500347,0.664979,0.065073,0.044857,-0.020215,0.427125,3009
5599,raw,3,1/4,0,0.573293,0.674974,0.101681,0.539367,0.635592,0.033926,0.039382,0.005456,0.362319,3009
5599,centered,3,1/4,0,0.626383,0.748339,0.121956,0.604670,0.706104,0.021713,0.042235,0.020522,0.547748,3009
5629,raw,6,2/4,1,0.378272,0.785648,0.407376,0.316718,0.754685,0.061554,0.030964,-0.030590,0.216472,3135
5629,centered,6,2/4,1,0.515877,0.794876,0.279000,0.459991,0.759724,0.055885,0.035153,-0.020733,0.437959,3135
5629,raw,3,1/4,0,0.591994,0.764436,0.172442,0.548307,0.760494,0.043687,0.003942,-0.039745,0.455245,3135
5629,centered,3,1/4,0,0.656621,0.806812,0.150192,0.630285,0.798394,0.026336,0.008418,-0.017918,0.569719,3135
5639,raw,6,2/4,1,0.521420,0.788002,0.266582,0.457731,0.623286,0.063689,0.164716,0.101028,0.333200,0922
5639,centered,6,2/4,1,0.608337,0.787515,0.179178,0.532779,0.623495,0.075558,0.164020,0.088462,0.496160,0922
5639,raw,3,1/4,0,0.661139,0.768991,0.107852,0.578422,0.628261,0.082717,0.140731,0.058013,0.500331,0922
5639,centered,3,1/4,0,0.693276,0.805171,0.111895,0.592057,0.683068,0.101219,0.122103,0.020884,0.602014,0922
5673,raw,6,2/4,1,0.792485,0.791271,-0.001214,0.689063,0.767095,0.103423,0.024176,-0.079247,0.604515,5193
5673,centered,6,2/4,1,0.775960,0.759303,-0.016657,0.668460,0.751629,0.107500,0.007674,-0.099826,0.592212,5193
5673,raw,3,1/4,0,0.800947,0.775491,-0.025457,0.734610,0.749663,0.066337,0.025827,-0.040509,0.633096,5193
5673,centered,3,1/4,0,0.731489,0.797463,0.065974,0.659610,0.784961,0.071879,0.012503,-0.059376,0.597302,5193
5675,raw,6,2/4,1,0.377497,0.750275,0.372778,0.216672,0.843677,0.160825,-0.093401,-0.254227,0.170923,5317
5675,centered,6,2/4,1,0.513414,0.758371,0.244956,0.394179,0.816154,0.119235,-0.057783,-0.177018,0.405182,5317
5675,raw,3,1/4,0,0.562554,0.746876,0.184322,0.442635,0.811445,0.119919,-0.064569,-0.184487,0.391424,5317
5675,centered,3,1/4,0,0.645979,0.791038,0.145059,0.597653,0.820635,0.048326,-0.029596,-0.077922,0.561235,5317
5688,raw,6,2/4,1,0.591474,0.817478,0.226005,0.546957,0.801068,0.044516,0.016410,-0.028106,0.487852,3352
5688,centered,6,2/4,1,0.633345,0.808450,0.175105,0.589948,0.775774,0.043398,0.032676,-0.010722,0.549851,3352
5688,raw,3,1/4,0,0.684468,0.805238,0.120770,0.647890,0.780839,0.036578,0.024399,-0.012179,0.589419,3352
5688,centered,3,1/4,0,0.686124,0.828890,0.142766,0.661125,0.798176,0.024999,0.030714,0.005715,0.603990,3352
5694,raw,6,2/4,1,0.376286,0.800126,0.423840,0.292973,0.745459,0.083313,0.054667,-0.028646,0.235221,0729
5694,centered,6,2/4,1,0.503938,0.793024,0.289086,0.442151,0.714974,0.061787,0.078051,0.016264,0.432900,0729
5694,raw,3,1/4,0,0.549139,0.802085,0.252946,0.499434,0.724605,0.049705,0.077481,0.027775,0.439136,0729
5694,centered,3,1/4,0,0.628017,0.831203,0.203186,0.601395,0.750739,0.026622,0.080464,0.053842,0.562625,0729
5697,raw,6,2/4,1,0.406846,0.732205,0.325359,0.298809,0.741826,0.108037,-0.009620,-0.117657,0.163860,0789
5697,centered,6,2/4,1,0.549184,0.739538,0.190354,0.460958,0.732463,0.088225,0.007075,-0.081151,0.420270,0789
5697,raw,3,1/4,0,0.586730,0.720120,0.133390,0.508038,0.736636,0.078692,-0.016517,-0.095209,0.386661,0789
5697,centered,3,1/4,0,0.658409,0.774413,0.116004,0.614385,0.776664,0.044024,-0.002250,-0.046274,0.579544,0789
5706,raw,6,2/4,1,0.602953,0.583460,-0.019494,0.364219,0.724936,0.238735,-0.141476,-0.380211,0.286654,4568
5706,centered,6,2/4,1,0.642552,0.638320,-0.004232,0.495528,0.710820,0.147023,-0.072501,-0.219524,0.489346,4568
5706,raw,3,1/4,0,0.692581,0.627081,-0.065500,0.520745,0.721798,0.171836,-0.094718,-0.266553,0.439043,4568
5706,centered,3,1/4,0,0.666256,0.711907,0.045651,0.601945,0.750106,0.064312,-0.038199,-0.102510,0.584078,4568
5719,raw,6,2/4,1,0.647425,0.766563,0.119138,0.552690,0.698146,0.094735,0.068417,-0.026318,0.442412,5639
5719,centered,6,2/4,1,0.693658,0.755916,0.062259,0.597711,0.690670,0.095947,0.065247,-0.030701,0.535097,5639
5719,raw,3,1/4,0,0.709005,0.776026,0.067021,0.629033,0.705366,0.079972,0.070660,-0.009312,0.532649,5639
5719,centered,3,1/4,0,0.710787,0.806346,0.095559,0.639430,0.744213,0.071357,0.062133,-0.009224,0.597303,5639
5738,raw,6,2/4,1,0.376477,0.705451,0.328974,0.349487,0.630720,0.026991,0.074732,0.047741,0.156305,1276
5738,centered,6,2/4,1,0.513632,0.716264,0.202632,0.485404,0.649412,0.028228,0.066852,0.038624,0.406135,1276
5738,raw,3,1/4,0,0.559442,0.710918,0.151477,0.514456,0.633545,0.044986,0.077374,0.032388,0.388849,1276
5738,centered,3,1/4,0,0.643363,0.756519,0.113156,0.589749,0.702520,0.053614,0.053999,0.000385,0.568696,1276
5753,raw,6,2/4,1,0.453277,0.801665,0.348388,0.388294,0.831256,0.064982,-0.029591,-0.094573,0.295864,2392
5753,centered,6,2/4,1,0.558092,0.794308,0.236216,0.517056,0.800062,0.041036,-0.005754,-0.046791,0.464037,2392
5753,raw,3,1/4,0,0.591790,0.797007,0.205216,0.548953,0.810112,0.042837,-0.013106,-0.055942,0.476195,2392
5753,centered,3,1/4,0,0.642039,0.831846,0.189807,0.628237,0.827791,0.013802,0.004055,-0.009747,0.586902,2392
5768,raw,6,2/4,1,0.350554,0.753734,0.403179,0.192211,0.797405,0.158343,-0.043672,-0.202014,0.171733,2136
5768,centered,6,2/4,1,0.489985,0.758083,0.268098,0.379009,0.755672,0.110976,0.002411,-0.108565,0.412922,2136
5768,raw,3,1/4,0,0.548059,0.747244,0.199185,0.434436,0.776479,0.113623,-0.029235,-0.142859,0.407526,2136
5768,centered,3,1/4,0,0.628474,0.787503,0.159029,0.577103,0.788849,0.051371,-0.001346,-0.052717,0.563898,2136
5826,raw,6,2/4,1,0.538969,0.721029,0.182059,0.358703,0.778629,0.180267,-0.057601,-0.237868,0.283251,1896
5826,centered,6,2/4,1,0.618607,0.739575,0.120968,0.476161,0.771342,0.142446,-0.031767,-0.174213,0.459672,1896
5826,raw,3,1/4,0,0.663591,0.728275,0.064683,0.532590,0.786319,0.131002,-0.058045,-0.189046,0.461083,1896
5826,centered,3,1/4,0,0.683662,0.787713,0.104051,0.621682,0.816585,0.061980,-0.028872,-0.090852,0.580548,1896
5831,raw,6,2/4,1,0.577172,0.762479,0.185306,0.308105,0.759513,0.269067,0.002965,-0.266102,0.350982,0592
5831,centered,6,2/4,1,0.659109,0.763716,0.104607,0.435652,0.727713,0.223457,0.036004,-0.187453,0.517917,0592
5831,raw,3,1/4,0,0.683099,0.736937,0.053837,0.483073,0.692207,0.200027,0.044729,-0.155297,0.483641,0592
5831,centered,3,1/4,0,0.690397,0.782009,0.091612,0.568522,0.717384,0.121874,0.064624,-0.057250,0.589771,0592
5855,raw,6,2/4,1,0.539515,0.628009,0.088495,0.273388,0.681397,0.266127,-0.053387,-0.319514,0.213241,3417
5855,centered,6,2/4,1,0.628210,0.664959,0.036749,0.424246,0.660402,0.203963,0.004557,-0.199407,0.429816,3417
5855,raw,3,1/4,0,0.666700,0.651402,-0.015298,0.495347,0.674369,0.171353,-0.022967,-0.194320,0.421228,3417
5855,centered,3,1/4,0,0.676419,0.727555,0.051136,0.596022,0.714838,0.080397,0.012717,-0.067680,0.562885,3417
5878,raw,6,2/4,1,0.398818,0.781263,0.382445,0.406499,0.674265,-0.007681,0.106998,0.114679,0.232768,2412
5878,centered,6,2/4,1,0.514493,0.794594,0.280100,0.519224,0.682412,-0.004731,0.112182,0.116912,0.452154,2412
5878,raw,3,1/4,0,0.576819,0.760189,0.183370,0.568937,0.672096,0.007882,0.088093,0.080211,0.422422,2412
5878,centered,3,1/4,0,0.657359,0.798764,0.141406,0.632303,0.725215,0.025056,0.073549,0.048494,0.578215,2412
5884,raw,6,2/4,1,0.643435,0.797942,0.154506,0.460251,0.776124,0.183185,0.021818,-0.161367,0.469298,3462
5884,centered,6,2/4,1,0.696084,0.797567,0.101483,0.536042,0.739400,0.160042,0.058167,-0.101876,0.570236,3462
5884,raw,3,1/4,0,0.710108,0.761476,0.051368,0.586157,0.733046,0.123952,0.028430,-0.095521,0.546791,3462
5884,centered,3,1/4,0,0.720909,0.794539,0.073630,0.641524,0.740987,0.079385,0.053552,-0.025833,0.597690,3462
5906,raw,6,2/4,1,0.502807,0.812591,0.309784,0.484579,0.744670,0.018228,0.067922,0.049694,0.341871,5219
5906,centered,6,2/4,1,0.588417,0.801204,0.212787,0.562287,0.746739,0.026130,0.054465,0.028335,0.472488,5219
5906,raw,3,1/4,0,0.623712,0.808073,0.184361,0.603288,0.751304,0.020424,0.056769,0.036345,0.494746,5219
5906,centered,3,1/4,0,0.675864,0.835382,0.159518,0.641256,0.797211,0.034608,0.038171,0.003563,0.590313,5219
5922,raw,6,2/4,1,0.369572,0.656802,0.287230,0.327956,0.718838,0.041615,-0.062036,-0.103651,0.113668,0060
5922,centered,6,2/4,1,0.504357,0.686666,0.182309,0.480639,0.730359,0.023718,-0.043693,-0.067411,0.376170,0060
5922,raw,3,1/4,0,0.556010,0.685510,0.129500,0.527012,0.730909,0.028998,-0.045398,-0.074396,0.377084,0060
5922,centered,3,1/4,0,0.642617,0.748461,0.105844,0.628704,0.780860,0.013913,-0.032398,-0.046311,0.566297,0060
5938,raw,6,2/4,1,0.693897,0.868127,0.174229,0.678082,0.623792,0.015816,0.244334,0.228519,0.559788,4158
5938,centered,6,2/4,1,0.728886,0.837840,0.108954,0.656799,0.630841,0.072087,0.206999,0.134912,0.597959,4158
5938,raw,3,1/4,0,0.735980,0.839283,0.103303,0.719460,0.664290,0.016520,0.174993,0.158474,0.609238,4158
5938,centered,3,1/4,0,0.731002,0.851434,0.120432,0.658651,0.722856,0.072351,0.128579,0.056228,0.626849,4158
5990,raw,6,2/4,1,0.567493,0.770865,0.203372,0.496727,0.786094,0.070766,-0.015229,-0.085995,0.374199,0802
5990,centered,6,2/4,1,0.629369,0.772826,0.143456,0.592985,0.757080,0.036385,0.015746,-0.020639,0.474145,0802
5990,raw,3,1/4,0,0.666276,0.791597,0.125322,0.611874,0.812173,0.054401,-0.020576,-0.074977,0.535440,0802
5990,centered,3,1/4,0,0.674387,0.831400,0.157013,0.656532,0.830816,0.017855,0.000584,-0.017271,0.588805,0802
6030,raw,6,2/4,1,0.522390,0.684591,0.162201,0.425167,0.542649,0.097223,0.141942,0.044719,0.292941,0147
6030,centered,6,2/4,1,0.616922,0.687910,0.070987,0.520084,0.530238,0.096838,0.157672,0.060834,0.433499,0147
6030,raw,3,1/4,0,0.645629,0.749795,0.104166,0.548568,0.613255,0.097061,0.136540,0.039479,0.474362,0147
6030,centered,3,1/4,0,0.685899,0.791067,0.105168,0.593458,0.662256,0.092441,0.128811,0.036370,0.574961,0147
6065,raw,6,2/4,1,0.626331,0.672910,0.046579,0.497151,0.736171,0.129180,-0.063261,-0.192441,0.337281,5675
6065,centered,6,2/4,1,0.677378,0.689742,0.012364,0.573316,0.744982,0.104062,-0.055239,-0.159302,0.487371,5675
6065,raw,3,1/4,0,0.678489,0.703833,0.025344,0.616976,0.736291,0.061513,-0.032458,-0.093971,0.476722,5675
6065,centered,3,1/4,0,0.680828,0.757478,0.076650,0.643933,0.785241,0.036895,-0.027764,-0.064658,0.589847,5675
6076,raw,6,2/4,1,0.460824,0.879496,0.418672,0.555452,0.670513,-0.094627,0.208983,0.303610,0.346562,0568
6076,centered,6,2/4,1,0.561354,0.858441,0.297087,0.608082,0.676585,-0.046728,0.181856,0.228583,0.486789,0568
6076,raw,3,1/4,0,0.595144,0.847873,0.252729,0.628703,0.683149,-0.033559,0.164724,0.198283,0.482090,0568
6076,centered,3,1/4,0,0.671484,0.861706,0.190222,0.641169,0.731738,0.030314,0.129967,0.099653,0.586157,0568
6115,raw,6,2/4,1,0.812630,0.843000,0.030370,0.748958,0.815382,0.063672,0.027618,-0.036054,0.666372,2602
6115,centered,6,2/4,1,0.791592,0.822525,0.030932,0.730084,0.798374,0.061509,0.024150,-0.037359,0.633974,2602
6115,raw,3,1/4,0,0.826250,0.835943,0.009693,0.785293,0.794636,0.040957,0.041307,0.000350,0.712197,2602
6115,centered,3,1/4,0,0.756893,0.852804,0.095910,0.713058,0.823246,0.043836,0.029558,-0.014278,0.632898,2602
6139,raw,6,2/4,1,0.452058,0.711536,0.259478,0.261048,0.674678,0.191010,0.036858,-0.154152,0.203840,5446
6139,centered,6,2/4,1,0.562185,0.736224,0.174039,0.404730,0.665545,0.157455,0.070679,-0.086776,0.436989,5446
6139,raw,3,1/4,0,0.592886,0.692612,0.099726,0.458824,0.629007,0.134062,0.063605,-0.070458,0.401616,5446
6139,centered,3,1/4,0,0.630802,0.762435,0.131633,0.565157,0.676520,0.065646,0.085915,0.020269,0.563144,5446
6144,raw,6,2/4,1,0.368005,0.780840,0.412835,0.267974,0.782446,0.100031,-0.001606,-0.101638,0.176717,4502
6144,centered,6,2/4,1,0.515448,0.785596,0.270148,0.429706,0.765534,0.085742,0.020061,-0.065681,0.417482,4502
6144,raw,3,1/4,0,0.566589,0.759342,0.192753,0.509010,0.794179,0.057578,-0.034837,-0.092415,0.415518,4502
6144,centered,3,1/4,0,0.660465,0.794456,0.133990,0.633875,0.812612,0.026591,-0.018156,-0.044747,0.577448,4502
6179,raw,6,2/4,1,0.397620,0.782862,0.385242,0.331068,0.745901,0.066552,0.036960,-0.029592,0.235462,6653
6179,centered,6,2/4,1,0.521488,0.784175,0.262687,0.466448,0.738606,0.055040,0.045569,-0.009471,0.442198,6653
6179,raw,3,1/4,0,0.597315,0.773003,0.175688,0.556646,0.735906,0.040669,0.037097,-0.003572,0.451494,6653
6179,centered,3,1/4,0,0.658092,0.808321,0.150229,0.633656,0.767819,0.024436,0.040502,0.016067,0.572548,6653
6227,raw,6,2/4,1,0.439018,0.743290,0.304272,0.362835,0.772921,0.076183,-0.029631,-0.105814,0.239280,5694
6227,centered,6,2/4,1,0.548792,0.759031,0.210239,0.496124,0.772346,0.052668,-0.013315,-0.065982,0.437665,5694
6227,raw,3,1/4,0,0.613353,0.734815,0.121462,0.547399,0.763696,0.065954,-0.028881,-0.094835,0.441303,5694
6227,centered,3,1/4,0,0.661060,0.788926,0.127866,0.639113,0.796955,0.021947,-0.008029,-0.029975,0.567785,5694
6259,raw,6,2/4,1,0.489414,0.783472,0.294058,0.420804,0.699037,0.068611,0.084435,0.015825,0.294630,2043
6259,centered,6,2/4,1,0.588388,0.771722,0.183334,0.536188,0.672594,0.052199,0.099128,0.046929,0.437747,2043
6259,raw,3,1/4,0,0.617884,0.791173,0.173289,0.558870,0.727376,0.059014,0.063797,0.004783,0.455214,2043
6259,centered,3,1/4,0,0.677576,0.824966,0.147390,0.625807,0.764840,0.051769,0.060126,0.008357,0.580896,2043
6279,raw,6,2/4,1,0.733346,0.859877,0.126531,0.664459,0.642701,0.068887,0.217176,0.148290,0.604444,3258
6279,centered,6,2/4,1,0.740868,0.832682,0.091813,0.610292,0.661093,0.130577,0.171589,0.041012,0.611677,3258
6279,raw,3,1/4,0,0.764383,0.824341,0.059958,0.714660,0.654393,0.049723,0.169949,0.120225,0.641064,3258
6279,centered,3,1/4,0,0.725715,0.840141,0.114426,0.617352,0.722193,0.108363,0.117948,0.009585,0.620037,3258
6290,raw,6,2/4,1,0.504762,0.719131,0.214368,0.461877,0.720178,0.042885,-0.001047,-0.043932,0.281591,4435
6290,centered,6,2/4,1,0.596145,0.729975,0.133830,0.547309,0.733002,0.048836,-0.003028,-0.051864,0.459269,4435
6290,raw,3,1/4,0,0.631005,0.749839,0.118834,0.611389,0.742752,0.019616,0.007087,-0.012529,0.480880,4435
6290,centered,3,1/4,0,0.667539,0.791427,0.123888,0.652956,0.788960,0.014583,0.002466,-0.012117,0.582844,4435
6304,raw,6,2/4,1,0.633518,0.846999,0.213481,0.611392,0.762371,0.022125,0.084627,0.062502,0.533245,3679
6304,centered,6,2/4,1,0.668971,0.817624,0.148654,0.646981,0.725039,0.021990,0.092585,0.070595,0.567384,3679
6304,raw,3,1/4,0,0.710542,0.837058,0.126516,0.692365,0.764889,0.018177,0.072169,0.053992,0.615679,3679
6304,centered,3,1/4,0,0.702187,0.844167,0.141980,0.676090,0.784293,0.026097,0.059875,0.033778,0.589065,3679
6306,raw,6,2/4,1,0.598055,0.841152,0.243097,0.576112,0.751147,0.021944,0.090005,0.068062,0.456656,0856
6306,centered,6,2/4,1,0.646993,0.825350,0.178358,0.621775,0.749966,0.025218,0.075385,0.050167,0.526590,0856
6306,raw,3,1/4,0,0.686343,0.838869,0.152526,0.664133,0.789670,0.022210,0.049199,0.026989,0.574758,0856
6306,centered,3,1/4,0,0.689884,0.858563,0.168679,0.664403,0.819704,0.025481,0.038859,0.013379,0.592782,0856
6310,raw,6,2/4,1,0.421635,0.804206,0.382571,0.423212,0.668483,-0.001577,0.135723,0.137300,0.313463,5738
6310,centered,6,2/4,1,0.555611,0.778793,0.223182,0.503817,0.677538,0.051794,0.101255,0.049461,0.478355,5738
6310,raw,3,1/4,0,0.582584,0.795031,0.212447,0.549792,0.677218,0.032793,0.117813,0.085020,0.488230,5738
6310,centered,3,1/4,0,0.654743,0.814270,0.159527,0.580319,0.728776,0.074424,0.085495,0.011071,0.583055,5738
6324,raw,6,2/4,1,0.676184,0.821003,0.144819,0.656804,0.816676,0.019380,0.004327,-0.015053,0.516519,4940
6324,centered,6,2/4,1,0.708373,0.790760,0.082387,0.688517,0.791563,0.019856,-0.000803,-0.020660,0.544051,4940
6324,raw,3,1/4,0,0.708643,0.827077,0.118434,0.715176,0.801238,-0.006533,0.025840,0.032373,0.581868,4940
6324,centered,3,1/4,0,0.708228,0.839620,0.131392,0.702106,0.819841,0.006121,0.019779,0.013658,0.591106,4940
6325,raw,6,2/4,1,0.376948,0.809837,0.432889,0.383534,0.715187,-0.006586,0.094650,0.101236,0.209514,3461
6325,centered,6,2/4,1,0.519567,0.811788,0.292221,0.513652,0.731045,0.005914,0.080743,0.074828,0.454474,3461
6325,raw,3,1/4,0,0.561294,0.765037,0.203743,0.555903,0.711671,0.005391,0.053367,0.047975,0.410175,3461
6325,centered,3,1/4,0,0.648925,0.802189,0.153264,0.630585,0.757355,0.018339,0.044835,0.026495,0.577730,3461
6360,raw,6,2/4,1,0.394124,0.779413,0.385288,0.399448,0.728167,-0.005324,0.051246,0.056570,0.231186,0687
6360,centered,6,2/4,1,0.517942,0.773841,0.255900,0.515438,0.735468,0.002504,0.038374,0.035870,0.446348,0687
6360,raw,3,1/4,0,0.556829,0.757007,0.200178,0.562878,0.722455,-0.006049,0.034552,0.040601,0.428184,0687
6360,centered,3,1/4,0,0.625048,0.794310,0.169262,0.616086,0.768938,0.008961,0.025373,0.016411,0.574565,0687
6405,raw,6,2/4,1,0.456945,0.742541,0.285596,0.392786,0.754245,0.064159,-0.011704,-0.075863,0.237769,0853
6405,centered,6,2/4,1,0.561404,0.764314,0.202911,0.512057,0.767070,0.049347,-0.002756,-0.052103,0.447917,0853
6405,raw,3,1/4,0,0.623281,0.752849,0.129568,0.580594,0.747279,0.042686,0.005569,-0.037117,0.442534,0853
6405,centered,3,1/4,0,0.679016,0.796179,0.117163,0.651143,0.784862,0.027874,0.011317,-0.016557,0.575505,0853
6430,raw,6,2/4,1,0.314561,0.823492,0.508931,0.356326,0.637611,-0.041765,0.185881,0.227645,0.210933,3221
6430,centered,6,2/4,1,0.470630,0.810443,0.339812,0.494466,0.636592,-0.023836,0.173851,0.197686,0.440269,3221
6430,raw,3,1/4,0,0.535986,0.792499,0.256512,0.529030,0.650930,0.006956,0.141569,0.134613,0.432773,3221
6430,centered,3,1/4,0,0.644278,0.813154,0.168875,0.611642,0.695033,0.032636,0.118120,0.085485,0.569898,3221
6455,raw,6,2/4,1,0.681539,0.768789,0.087250,0.570827,0.793364,0.110712,-0.024576,-0.135287,0.504330,1302
6455,centered,6,2/4,1,0.703219,0.764201,0.060982,0.616370,0.767039,0.086849,-0.002838,-0.089686,0.539593,1302
6455,raw,3,1/4,0,0.732889,0.791153,0.058264,0.646059,0.791086,0.086830,0.000067,-0.086763,0.597005,1302
6455,centered,3,1/4,0,0.716847,0.823112,0.106265,0.666650,0.809251,0.050197,0.013861,-0.036336,0.608129,1302
6494,raw,6,2/4,1,0.662874,0.860576,0.197702,0.618600,0.670942,0.044274,0.189634,0.145360,0.534187,6290
6494,centered,6,2/4,1,0.686935,0.843387,0.156451,0.606769,0.674080,0.080166,0.169307,0.089141,0.565949,6290
6494,raw,3,1/4,0,0.718511,0.841618,0.123107,0.659128,0.703862,0.059384,0.137757,0.078373,0.601236,6290
6494,centered,3,1/4,0,0.710446,0.861104,0.150658,0.622477,0.745310,0.087969,0.115794,0.027825,0.616228,6290
6498,raw,6,2/4,1,0.740745,0.848013,0.107268,0.701265,0.795848,0.039480,0.052166,0.012686,0.593530,5513
6498,centered,6,2/4,1,0.744346,0.824663,0.080316,0.704671,0.774786,0.039675,0.049877,0.010201,0.589416,5513
6498,raw,3,1/4,0,0.758164,0.847771,0.089607,0.734656,0.782632,0.023508,0.065139,0.041631,0.644212,5513
6498,centered,3,1/4,0,0.724555,0.857807,0.133252,0.696278,0.806067,0.028277,0.051740,0.023464,0.610330,5513
6502,raw,6,2/4,1,0.444766,0.745236,0.300470,0.364864,0.724287,0.079902,0.020949,-0.058953,0.233848,2513
6502,centered,6,2/4,1,0.572235,0.740550,0.168315,0.485992,0.718312,0.086243,0.022238,-0.064005,0.441580,2513
6502,raw,3,1/4,0,0.586882,0.763411,0.176529,0.531230,0.737440,0.055652,0.025970,-0.029682,0.415608,2513
6502,centered,3,1/4,0,0.664928,0.798940,0.134013,0.609682,0.778087,0.055245,0.020853,-0.034393,0.571813,2513
6513,raw,6,2/4,1,0.373978,0.764597,0.390619,0.309651,0.771307,0.064327,-0.006710,-0.071037,0.181481,6430
6513,centered,6,2/4,1,0.506213,0.757801,0.251588,0.466284,0.744998,0.039929,0.012803,-0.027126,0.400944,6430
6513,raw,3,1/4,0,0.562208,0.791752,0.229544,0.507115,0.770918,0.055092,0.020833,-0.034259,0.438668,6430
6513,centered,3,1/4,0,0.652611,0.823920,0.171309,0.619803,0.796882,0.032808,0.027038,-0.005770,0.595969,6430
6515,raw,6,2/4,1,0.516413,0.844535,0.328122,0.459597,0.627821,0.056816,0.216714,0.159898,0.368557,0806
6515,centered,6,2/4,1,0.607550,0.819295,0.211746,0.516560,0.618520,0.090990,0.200775,0.109785,0.492051,0806
6515,raw,3,1/4,0,0.634353,0.822451,0.188098,0.569095,0.630578,0.065258,0.191873,0.126615,0.503229,0806
6515,centered,3,1/4,0,0.675788,0.838266,0.162478,0.572234,0.686448,0.103554,0.151819,0.048264,0.581377,0806
6516,raw,6,2/4,1,0.489564,0.742781,0.253217,0.377240,0.742060,0.112323,0.000721,-0.111602,0.302330,6537
6516,centered,6,2/4,1,0.572032,0.757451,0.185419,0.499255,0.721890,0.072777,0.035560,-0.037216,0.489731,6537
6516,raw,3,1/4,0,0.625211,0.736717,0.111506,0.548723,0.712491,0.076488,0.024227,-0.052261,0.467522,6537
6516,centered,3,1/4,0,0.657502,0.782403,0.124901,0.623000,0.746917,0.034502,0.035486,0.000984,0.583352,6537
6521,raw,6,2/4,1,0.648828,0.795243,0.146414,0.649473,0.662631,-0.000645,0.132612,0.133257,0.466636,2886
6521,centered,6,2/4,1,0.700843,0.778524,0.077681,0.652140,0.686985,0.048703,0.091538,0.042835,0.552071,2886
6521,raw,3,1/4,0,0.706026,0.793929,0.087903,0.692775,0.691513,0.013251,0.102416,0.089165,0.554601,2886
6521,centered,3,1/4,0,0.710393,0.816954,0.106561,0.657309,0.745813,0.053084,0.071141,0.018056,0.611377,2886
6537,raw,6,2/4,1,0.376925,0.841403,0.464477,0.363476,0.691915,0.013450,0.149487,0.136038,0.241185,1272
6537,centered,6,2/4,1,0.502046,0.830366,0.328320,0.468624,0.691855,0.033422,0.138510,0.105088,0.443637,1272
6537,raw,3,1/4,0,0.566455,0.808305,0.241850,0.521946,0.680755,0.044509,0.127550,0.083041,0.442983,1272
6537,centered,3,1/4,0,0.647610,0.832529,0.184919,0.584806,0.719478,0.062804,0.113050,0.050247,0.578279,1272
6616,raw,6,2/4,1,0.532236,0.728548,0.196312,0.483749,0.606070,0.048487,0.122479,0.073992,0.307366,5310
6616,centered,6,2/4,1,0.608247,0.722597,0.114350,0.552220,0.615412,0.056027,0.107185,0.051158,0.450354,5310
6616,raw,3,1/4,0,0.633382,0.756464,0.123082,0.578154,0.644662,0.055228,0.111802,0.056574,0.453995,5310
6616,centered,3,1/4,0,0.664767,0.799841,0.135074,0.601956,0.707648,0.062811,0.092193,0.029382,0.582525,5310
6626,raw,6,2/4,1,0.426921,0.782892,0.355971,0.416465,0.731360,0.010455,0.051533,0.041077,0.289838,2122
6626,centered,6,2/4,1,0.556545,0.784467,0.227922,0.527379,0.753879,0.029166,0.030587,0.001421,0.503807,2122
6626,raw,3,1/4,0,0.608573,0.763227,0.154655,0.579387,0.721156,0.029186,0.042072,0.012886,0.460233,2122
6626,centered,3,1/4,0,0.688750,0.796083,0.107333,0.634968,0.768425,0.053781,0.027658,-0.026123,0.581393,2122
6639,raw,6,2/4,1,0.411071,0.778496,0.367426,0.359540,0.711389,0.051531,0.067107,0.015577,0.252946,6030
6639,centered,6,2/4,1,0.544637,0.776043,0.231406,0.488991,0.709206,0.055646,0.066838,0.011192,0.465622,6030
6639,raw,3,1/4,0,0.585159,0.740003,0.154844,0.533061,0.713461,0.052098,0.026543,-0.025555,0.445932,6030
6639,centered,3,1/4,0,0.651948,0.773022,0.121074,0.600189,0.749232,0.051759,0.023790,-0.027969,0.572407,6030
6646,raw,6,2/4,1,0.603660,0.750188,0.146528,0.605871,0.725649,-0.002211,0.024538,0.026749,0.460347,3706
6646,centered,6,2/4,1,0.650635,0.748366,0.097732,0.634225,0.736269,0.016409,0.012097,-0.004312,0.558642,3706
6646,raw,3,1/4,0,0.679700,0.751243,0.071543,0.663398,0.730851,0.016302,0.020391,0.004089,0.538041,3706
6646,centered,3,1/4,0,0.697641,0.778888,0.081247,0.643345,0.777717,0.054296,0.001170,-0.053126,0.588810,3706
6653,raw,6,2/4,1,0.637661,0.823387,0.185726,0.585158,0.750884,0.052503,0.072503,0.020000,0.519981,5060
6653,centered,6,2/4,1,0.672785,0.820998,0.148213,0.627231,0.732957,0.045554,0.088041,0.042487,0.571895,5060
6653,raw,3,1/4,0,0.726111,0.808854,0.082743,0.643241,0.760181,0.082870,0.048672,-0.034198,0.597674,5060
6653,centered,3,1/4,0,0.716795,0.836049,0.119253,0.647894,0.784343,0.068901,0.051706,-0.017195,0.596669,5060
6689,raw,6,2/4,1,0.476440,0.697585,0.221146,0.427434,0.730683,0.049006,-0.033098,-0.082104,0.246271,3139
6689,centered,6,2/4,1,0.573368,0.707994,0.134627,0.527983,0.748277,0.045385,-0.040283,-0.085667,0.422149,3139
6689,raw,3,1/4,0,0.595275,0.743073,0.147798,0.581237,0.747340,0.014038,-0.004267,-0.018305,0.431692,3139
6689,centered,3,1/4,0,0.634566,0.790234,0.155668,0.631883,0.800750,0.002683,-0.010516,-0.013199,0.546445,3139
6701,raw,6,2/4,1,0.302809,0.818296,0.515487,0.315028,0.765942,-0.012219,0.052354,0.064573,0.190123,4259
6701,centered,6,2/4,1,0.467477,0.804573,0.337096,0.468721,0.754754,-0.001243,0.049819,0.051063,0.423925,4259
6701,raw,3,1/4,0,0.510902,0.796138,0.285236,0.504569,0.740309,0.006333,0.055829,0.049496,0.406200,4259
6701,centered,3,1/4,0,0.642346,0.811477,0.169131,0.609436,0.775617,0.032910,0.035860,0.002949,0.581918,4259
6702,raw,6,2/4,1,0.393790,0.733141,0.339351,0.361794,0.709503,0.031996,0.023639,-0.008357,0.172377,5163
6702,centered,6,2/4,1,0.520022,0.737800,0.217777,0.490999,0.714890,0.029024,0.022910,-0.006114,0.400738,5163
6702,raw,3,1/4,0,0.591167,0.739781,0.148615,0.577165,0.730685,0.014001,0.009096,-0.004905,0.433621,5163
6702,centered,3,1/4,0,0.641975,0.785690,0.143715,0.647827,0.768913,-0.005852,0.016777,0.022629,0.576574,5163
6709,raw,6,2/4,1,0.679041,0.747979,0.068938,0.594852,0.723756,0.084189,0.024224,-0.059965,0.443788,5367
6709,centered,6,2/4,1,0.707450,0.746756,0.039307,0.651999,0.696470,0.055451,0.050286,-0.005164,0.515616,5367
6709,raw,3,1/4,0,0.728005,0.774702,0.046697,0.670012,0.727235,0.057993,0.047467,-0.010527,0.555909,5367
6709,centered,3,1/4,0,0.714640,0.813948,0.099308,0.674538,0.761810,0.040101,0.052138,0.012037,0.600272,5367
6722,raw,6,2/4,1,0.433709,0.757109,0.323399,0.272947,0.700215,0.160762,0.056893,-0.103869,0.233656,2589
6722,centered,6,2/4,1,0.557221,0.774479,0.217258,0.427193,0.675483,0.130028,0.098995,-0.031033,0.464081,2589
6722,raw,3,1/4,0,0.591596,0.728646,0.137049,0.473571,0.691770,0.118025,0.036876,-0.081150,0.412019,2589
6722,centered,3,1/4,0,0.643971,0.783288,0.139317,0.585824,0.721110,0.058147,0.062178,0.004031,0.566588,2589
6725,raw,6,2/4,1,0.658345,0.827240,0.168894,0.524459,0.752308,0.133887,0.074932,-0.058955,0.522842,0355
6725,centered,6,2/4,1,0.686172,0.823274,0.137103,0.566134,0.698853,0.120037,0.124422,0.004385,0.568628,0355
6725,raw,3,1/4,0,0.734731,0.820837,0.086106,0.626942,0.734962,0.107789,0.085874,-0.021915,0.613639,0355
6725,centered,3,1/4,0,0.722066,0.846865,0.124799,0.644784,0.752122,0.077282,0.094743,0.017461,0.602625,0355
6742,raw,6,2/4,1,0.458062,0.829775,0.371713,0.394700,0.775723,0.063361,0.054052,-0.009309,0.331475,4316
6742,centered,6,2/4,1,0.553083,0.805706,0.252623,0.498446,0.742637,0.054637,0.063069,0.008432,0.479384,4316
6742,raw,3,1/4,0,0.608702,0.802225,0.193523,0.561177,0.780271,0.047525,0.021954,-0.025571,0.488987,4316
6742,centered,3,1/4,0,0.676743,0.820603,0.143860,0.638842,0.801728,0.037901,0.018875,-0.019026,0.594551,4316
6767,raw,6,2/4,1,0.539961,0.858414,0.318453,0.516807,0.769927,0.023154,0.088487,0.065333,0.410315,4018
6767,centered,6,2/4,1,0.613073,0.841032,0.227959,0.592036,0.736678,0.021037,0.104354,0.083317,0.520633,4018
6767,raw,3,1/4,0,0.633228,0.843481,0.210253,0.620787,0.759149,0.012441,0.084332,0.071891,0.535983,4018
6767,centered,3,1/4,0,0.688926,0.857886,0.168960,0.672870,0.778177,0.016056,0.079709,0.063653,0.618423,4018
